move,236,837,-1,1563846596404.8,div#boxSegments/div#page-1/div#pdfScroll-48ff396679dec1310d3047dae85f7f5f/div/div#panels/div#viewPort/
move,236,837,-1,1563846596405.3,div#boxSegments/div#page-1/div#pdfScroll-48ff396679dec1310d3047dae85f7f5f/div/div#panels/div#viewPort/
move,204,614,-1,1563846596421.2,same
move,204,614,-1,1563846596421.5,same
move,200,586,-1,1563846596438,same
move,200,586,-1,1563846596438.3,same
move,199,580,-1,1563846596444.4,same
move,199,580,-1,1563846596444.4,same
move,197,566,-1,1563846596459.9,same
move,197,566,-1,1563846596460.1,same
move,193,550,-1,1563846596477,same
move,193,550,-1,1563846596477.1,same
move,180,539,-1,1563846596494.6,same
move,180,539,-1,1563846596494.8,same
move,169,538,-1,1563846596509.6,same
move,169,538,-1,1563846596509.7,same
move,169,537,-1,1563846596710.4,same
move,169,537,-1,1563846596710.6,same
move,167,535,-1,1563846596726.9,same
move,167,535,-1,1563846596727,same
move,166,534,-1,1563846596743.1,same
move,166,534,-1,1563846596743.2,same
move,166,521,-1,1563846596760,same
move,166,521,-1,1563846596760,same
move,168,517,-1,1563846596776.1,same
move,168,517,-1,1563846596776.2,same
move,171,517,-1,1563846596793.2,same
move,171,517,-1,1563846596793.3,same
move,173,517,-1,1563846596809.6,same
move,173,517,-1,1563846596809.7,same
move,174,517,-1,1563846596826.3,same
move,174,517,-1,1563846596826.4,same
move,176,517,-1,1563846596843.3,same
move,176,517,-1,1563846596843.4,same
move,177,518,-1,1563846596860.2,same
move,177,518,-1,1563846596860.2,same
move,182,519,-1,1563846596877.6,same
move,182,519,-1,1563846596877.7,same
move,189,521,-1,1563846596893.7,same
move,189,521,-1,1563846596893.7,same
move,196,522,-1,1563846596909.6,same
move,196,522,-1,1563846596909.7,same
move,212,526,-1,1563846596925.8,same
move,212,526,-1,1563846596925.9,same
move,221,529,-1,1563846596942.6,same
move,221,529,-1,1563846596942.8,same
move,225,530,-1,1563846596959.5,same
move,225,530,-1,1563846596959.6,same
move,235,535,-1,1563846596976.3,same
move,235,535,-1,1563846596976.4,same
move,239,537,-1,1563846596993.5,same
move,239,537,-1,1563846596993.6,same
move,241,540,-1,1563846597009.4,same
move,241,540,-1,1563846597009.5,same
move,241,541,-1,1563846597026.5,same
move,241,541,-1,1563846597026.6,same
move,242,542,-1,1563846597042.5,same
move,242,542,-1,1563846597042.6,same
move,244,543,-1,1563846597184.4,same
move,244,543,-1,1563846597184.5,same
move,249,545,-1,1563846597193.5,same
move,249,545,-1,1563846597193.5,same
move,260,550,-1,1563846597209.7,same
move,260,550,-1,1563846597209.8,same
move,273,554,-1,1563846597225.9,same
move,273,554,-1,1563846597226,same
move,284,556,-1,1563846597244.3,same
move,284,556,-1,1563846597244.4,same
move,292,557,-1,1563846597259.2,same
move,292,557,-1,1563846597259.2,same
move,296,557,-1,1563846597276.3,same
move,296,557,-1,1563846597276.3,same
move,298,558,-1,1563846597293.4,same
move,298,558,-1,1563846597293.4,same
move,180,1350,-1,1563846601326.3,div/div#panels/div#viewPort/
move,287,1346,-1,1563846604217.1,div#boxSegments/div#page-1/div#pdfScroll-48ff396679dec1310d3047dae85f7f5f/div/div#panels/div#viewPort/
move,343,1191,-1,1563846604229.6,same
move,409,1038,-1,1563846604245.8,same
move,466,931,-1,1563846604262,same
move,511,878,-1,1563846604278.2,same
move,535,852,-1,1563846604295.2,same
move,554,839,-1,1563846604312,same
move,564,830,-1,1563846604328.1,same
move,567,827,-1,1563846604345,same
move,568,827,-1,1563846604362.2,same
move,569,826,-1,1563846604704.3,same
move,571,825,-1,1563846604711.4,same
move,590,817,-1,1563846604728,same
move,628,805,-1,1563846604745,same
move,679,792,-1,1563846604763.1,same
move,719,782,-1,1563846604777.9,same
move,745,779,-1,1563846604795.1,same
move,762,779,-1,1563846604812.3,same
move,784,786,-1,1563846604828.3,same
move,805,798,-1,1563846604846.2,same
move,824,821,-1,1563846604862.1,same
move,838,856,-1,1563846604878.1,same
move,844,908,-1,1563846604895.4,same
move,843,935,-1,1563846604911.7,same
move,840,948,-1,1563846604928.2,same
move,824,980,-1,1563846604945.6,same
move,816,989,-1,1563846604962.1,same
move,790,1006,-1,1563846604978.9,same
move,770,1011,-1,1563846604995.1,same
move,744,1010,-1,1563846605013.1,same
move,703,999,-1,1563846605029,same
move,664,981,-1,1563846605045.5,same
move,637,958,-1,1563846605062,same
move,623,932,-1,1563846605078.2,same
move,616,905,-1,1563846605095,same
move,617,875,-1,1563846605112,same
move,632,843,-1,1563846605128.2,same
move,669,805,-1,1563846605145.7,same
move,691,792,-1,1563846605161.6,same
move,712,787,-1,1563846605177.9,same
move,748,788,-1,1563846605208.8,same
move,765,792,-1,1563846605211.2,same
move,797,805,-1,1563846605228,same
move,833,824,-1,1563846605245,same
move,858,839,-1,1563846605262.2,same
move,877,853,-1,1563846605278.3,same
move,892,864,-1,1563846605295.3,same
move,904,874,-1,1563846605312.1,same
move,912,883,-1,1563846605328.1,same
move,915,889,-1,1563846605345.3,same
move,915,900,-1,1563846605362.2,same
move,914,916,-1,1563846605378,same
move,908,946,-1,1563846605395.4,same
move,908,957,-1,1563846605413.2,same
move,908,960,-1,1563846605428.1,same
move,909,960,-1,1563846605509.6,same
move,910,960,-1,1563846605517.2,same
move,912,959,-1,1563846605529.5,same
move,917,957,-1,1563846605546.1,same
move,921,954,-1,1563846605561.8,same
move,923,953,-1,1563846605578.9,same
move,926,953,-1,1563846605594.8,same
move,929,953,-1,1563846605612,same
move,934,953,-1,1563846605628.2,same
move,942,953,-1,1563846605645,same
move,949,956,-1,1563846605662.4,same
move,965,962,-1,1563846605678.5,same
move,999,971,-1,1563846605695.9,same
move,1045,975,-1,1563846605712.9,same
move,1085,978,-1,1563846605728.9,same
move,1111,978,-1,1563846605746.3,same
move,1131,978,-1,1563846605762.1,same
move,1141,978,-1,1563846605778.8,same
move,1143,978,-1,1563846605795.7,same
down,1143,978,0,1563846606035,same
up,1143,978,0,1563846606115.8,div/div#boxSegments/div#page-1/div#pdfScroll-48ff396679dec1310d3047dae85f7f5f/div/div#panels/div#viewPort/
move,1144,977,-1,1563846606153.3,same
move,1144,975,-1,1563846606171.4,div#boxSegments/div#page-1/div#pdfScroll-48ff396679dec1310d3047dae85f7f5f/div/div#panels/div#viewPort/
move,1145,974,-1,1563846606178.2,same
move,1148,969,-1,1563846606195.2,same
move,1158,961,-1,1563846606211.4,same
move,1172,949,-1,1563846606228.7,same
move,1194,934,-1,1563846606245.4,same
move,1212,918,-1,1563846606262,div#pdfScroll-48ff396679dec1310d3047dae85f7f5f/div/div#panels/div#viewPort/
move,1231,905,-1,1563846606278.9,div/div#panels/div#viewPort/
move,1251,895,-1,1563846606295.6,same
move,1269,887,-1,1563846606312.5,same
move,1292,879,-1,1563846606328.6,same
move,1327,868,-1,1563846606345.7,div#graphScroll/div#panels/div#viewPort/
move,1353,863,-1,1563846606365.2,div/div#inner-frame/div#frame/div#graphMap/div#graphScroll/div#panels/div#viewPort/
move,1376,862,-1,1563846606380.4,same
move,1392,862,-1,1563846606396.1,same
move,1404,863,-1,1563846606413,same
move,1415,864,-1,1563846606429,same
move,1426,865,-1,1563846606446,same
move,1436,865,-1,1563846606463.1,same
move,1443,864,-1,1563846606479,same
move,1447,864,-1,1563846606496.2,same
move,1451,864,-1,1563846606512.3,same
move,1454,865,-1,1563846606529.2,same
move,1455,865,-1,1563846606546.1,same
move,1455,866,-1,1563846606562.3,same
move,1456,866,-1,1563846606579.4,same
move,1457,867,-1,1563846606596.3,same
move,1459,869,-1,1563846606613,same
move,1461,870,-1,1563846606629.8,same
move,1461,871,-1,1563846606645.7,same
move,1462,871,-1,1563846606662.3,same
down,1462,871,0,1563846607082.9,same
up,1462,871,0,1563846607171.6,same
move,1462,870,-1,1563846607584.4,same
move,1462,869,-1,1563846607616.3,same
move,1462,867,-1,1563846607632.4,same
move,1462,866,-1,1563846607646.1,same
move,1462,861,-1,1563846607662.9,same
move,1462,852,-1,1563846607679.6,same
move,1462,848,-1,1563846607695.5,same
move,1462,846,-1,1563846607712.8,same
move,1463,845,-1,1563846607734.5,same
move,1463,844,-1,1563846607756,same
move,1463,843,-1,1563846607771.2,same
move,1463,842,-1,1563846607780,same
move,1464,841,-1,1563846607797,same
move,1464,840,-1,1563846607820,div#dragHandle/div#frame/div#graphMap/div#graphScroll/div#panels/div#viewPort/
move,1464,839,-1,1563846607890.2,same
move,1464,838,-1,1563846607897.8,same
move,1464,837,-1,1563846607912.6,same
move,1464,832,-1,1563846607929.7,same
move,1464,831,-1,1563846607949.2,same
move,1464,829,-1,1563846607965.8,same
move,1464,827,-1,1563846607982.7,same
down,1464,827,0,1563846608037.4,same
move,1464,829,-1,1563846608254.1,same
move,1465,832,-1,1563846608262.9,same
move,1467,840,-1,1563846608280.1,same
move,1469,847,-1,1563846608296.9,div/div#inner-frame/div#frame/div#graphMap/div#graphScroll/div#panels/div#viewPort/
move,1470,848,-1,1563846608312.2,same
move,1470,850,-1,1563846608332.9,same
move,1471,851,-1,1563846608349.1,same
move,1471,853,-1,1563846608365.1,same
move,1471,854,-1,1563846608382,same
up,1471,854,0,1563846608711.1,same
move,1471,854,-1,1563846608713,same
move,1471,852,-1,1563846608877.2,same
move,1471,851,-1,1563846608886.8,same
move,1471,849,-1,1563846608900.3,same
move,1471,848,-1,1563846608918.4,same
move,1471,847,-1,1563846608932.7,same
move,1470,844,-1,1563846608952,same
move,1469,839,-1,1563846608969.2,div#dragHandle/div#frame/div#graphMap/div#graphScroll/div#panels/div#viewPort/
move,1469,837,-1,1563846608982.5,same
move,1468,835,-1,1563846608997.1,same
move,1467,834,-1,1563846609044,same
move,1467,833,-1,1563846609059.7,same
move,1467,832,-1,1563846609124.1,same
move,1467,831,-1,1563846609137.9,same
move,1467,830,-1,1563846609154,same
move,1467,829,-1,1563846609163.2,same
down,1467,829,0,1563846609261.8,same
move,1467,828,-1,1563846609372,same
move,1467,825,-1,1563846609379.5,same
move,1466,819,-1,1563846609398.7,div#frame/div#graphMap/div#graphScroll/div#panels/div#viewPort/
move,1466,816,-1,1563846609413.8,svg#svgLayer/div#graphMap/div#graphScroll/div#panels/div#viewPort/
move,1466,815,-1,1563846609430.1,same
move,1466,814,-1,1563846609445.1,same
move,1466,813,-1,1563846609462.1,same
move,1466,811,-1,1563846609478.9,same
move,1466,810,-1,1563846609497,same
up,1466,810,0,1563846609629.2,same
move,1466,810,-1,1563846609646,same
move,1466,809,-1,1563846609677.4,same
move,1467,809,-1,1563846609695.8,same
move,1472,807,-1,1563846609712.8,same
move,1481,804,-1,1563846609729,same
move,1501,799,-1,1563846609748.4,same
move,1553,794,-1,1563846609763.4,same
move,1635,790,-1,1563846609779.7,same
move,1749,788,-1,1563846609795.4,same
move,1882,786,-1,1563846609813,same
move,2028,787,-1,1563846609829,same
move,2185,796,-1,1563846609846,same
move,2337,800,-1,1563846609862,same
move,2407,800,-1,1563846609871.7,same
move,1231,604,-1,1563846712889.5,div/div#panels/div#viewPort/
move,1184,628,-1,1563846712899.4,div#boxSegments/div#page-1/div#pdfScroll-48ff396679dec1310d3047dae85f7f5f/div/div#panels/div#viewPort/
move,1086,678,-1,1563846712915.5,same
move,985,726,-1,1563846712932.5,same
move,888,771,-1,1563846712949.6,same
move,791,811,-1,1563846712965.5,same
move,700,846,-1,1563846712982.7,same
move,570,883,-1,1563846712999.3,same
move,511,898,-1,1563846713015.3,same
move,465,910,-1,1563846713032.5,same
move,436,912,-1,1563846713048.6,same
move,411,915,-1,1563846713066.2,same
move,393,915,-1,1563846713082.4,same
move,392,915,-1,1563846713437.3,same
move,391,915,-1,1563846713470.2,same
move,389,915,-1,1563846713483.2,same
move,387,915,-1,1563846713498.9,same
move,383,915,-1,1563846713517,same
move,380,915,-1,1563846713532.9,same
move,379,915,-1,1563846713557.1,same
move,377,915,-1,1563846713945,same
move,377,916,-1,1563846713952,same
move,371,916,-1,1563846713969.8,same
move,363,917,-1,1563846713984.9,same
move,352,919,-1,1563846713999.6,same
move,337,920,-1,1563846714016.3,same
move,322,920,-1,1563846714032.1,same
move,313,920,-1,1563846714050.4,same
move,310,917,-1,1563846714066.2,same
move,309,916,-1,1563846714082.4,same
move,307,913,-1,1563846714100.3,same
move,301,905,-1,1563846714116.3,same
move,296,898,-1,1563846714132.5,same
move,293,894,-1,1563846714150.7,same
move,290,890,-1,1563846714166.1,same
move,288,889,-1,1563846714183.5,same
move,288,888,-1,1563846714199.1,same
down,288,888,0,1563846714326.5,same
move,288,888,-1,1563846714335.8,same
move,288,889,-1,1563846714357.3,div/div#boxSegments/div#page-1/div#pdfScroll-48ff396679dec1310d3047dae85f7f5f/div/div#panels/div#viewPort/
move,291,893,-1,1563846714368.2,div#boxSegments/div#page-1/div#pdfScroll-48ff396679dec1310d3047dae85f7f5f/div/div#panels/div#viewPort/
move,299,904,-1,1563846714386.3,same
move,323,935,-1,1563846714412.1,same
move,331,943,-1,1563846714427.6,same
move,358,966,-1,1563846714443.2,same
move,378,980,-1,1563846714459.5,same
move,394,989,-1,1563846714476.2,same
move,407,994,-1,1563846714493.9,same
move,417,997,-1,1563846714510.8,same
move,424,999,-1,1563846714527.4,same
move,430,1001,-1,1563846714543.6,same
move,432,1001,-1,1563846714562.6,same
up,432,1001,0,1563846714867,div/div#boxSegments/div#page-1/div#pdfScroll-48ff396679dec1310d3047dae85f7f5f/div/div#panels/div#viewPort/
move,432,1001,-1,1563846715056.6,div#72bbf250-acec-11e9-85e0-3dcd6721087f/div#boxSegments/div#page-1/div#pdfScroll-48ff396679dec1310d3047dae85f7f5f/div/div#panels/div#viewPort/
move,431,1000,-1,1563846715818.4,same
move,426,993,-1,1563846715833.9,same
move,417,983,-1,1563846715849.8,same
move,407,972,-1,1563846715866.4,same
move,401,965,-1,1563846715883.7,same
move,398,963,-1,1563846715900.5,same
move,397,961,-1,1563846715917.8,same
move,396,960,-1,1563846715932.4,same
move,395,960,-1,1563846715950.1,same
move,394,960,-1,1563846715967,same
move,394,959,-1,1563846715983,same
move,393,959,-1,1563846716066,same
move,393,958,-1,1563846717276.2,same
move,398,952,-1,1563846717301.6,same
move,409,942,-1,1563846717319.3,same
move,423,930,-1,1563846717335.4,same
move,438,917,-1,1563846717342.3,div#boxSegments/div#page-1/div#pdfScroll-48ff396679dec1310d3047dae85f7f5f/div/div#panels/div#viewPort/
move,451,908,-1,1563846717358.6,same
move,462,901,-1,1563846717374.5,same
move,475,894,-1,1563846717391.3,same
move,486,889,-1,1563846717409.4,same
move,496,885,-1,1563846717425.5,same
move,502,884,-1,1563846717442.5,same
move,507,883,-1,1563846717459.4,same
move,509,883,-1,1563846717474.6,same
move,512,882,-1,1563846717491.8,same
move,518,880,-1,1563846717508.6,same
move,526,879,-1,1563846717524.6,same
move,534,878,-1,1563846717541.6,same
move,540,876,-1,1563846717559.1,same
move,545,876,-1,1563846717576.2,same
move,549,874,-1,1563846717591.8,same
move,550,874,-1,1563846717609,same
move,552,874,-1,1563846718331.5,same
move,554,874,-1,1563846718342.3,same
move,578,871,-1,1563846718358.4,same
move,634,867,-1,1563846718374.6,same
move,725,861,-1,1563846718391.6,same
move,856,851,-1,1563846718408.6,same
move,1022,840,-1,1563846718424.9,same
move,1318,816,-1,1563846718442.9,div#graphScroll/div#panels/div#viewPort/
move,1519,802,-1,1563846718460.7,svg#svgLayer/div#graphMap/div#graphScroll/div#panels/div#viewPort/
move,1712,791,-1,1563846718475,same
move,1885,785,-1,1563846718492.2,same
move,2045,785,-1,1563846718508.3,same
move,2186,783,-1,1563846718526.2,same
move,2305,781,-1,1563846718542.2,same
move,2411,783,-1,1563846718558.4,same
move,2460,783,-1,1563846718583.4,div#viewPort/
move,1239,904,-1,1563846752267.8,div/div#panels/div#viewPort/
move,1179,898,-1,1563846752275.7,div#boxSegments/div#page-1/div#pdfScroll-48ff396679dec1310d3047dae85f7f5f/div/div#panels/div#viewPort/
move,1052,886,-1,1563846752292.4,same
move,942,876,-1,1563846752308.4,same
move,849,870,-1,1563846752325.4,same
move,778,869,-1,1563846752343.7,same
move,731,869,-1,1563846752358.6,same
move,708,869,-1,1563846752375.4,same
move,699,869,-1,1563846752392.4,same
move,698,869,-1,1563846752409.4,same
move,699,869,-1,1563846752438,same
move,705,869,-1,1563846752444.5,same
move,715,870,-1,1563846752459.3,same
move,800,875,-1,1563846752476.1,same
move,901,879,-1,1563846752492.5,same
move,1014,879,-1,1563846752509.1,same
move,1129,876,-1,1563846752525.1,same
move,1243,870,-1,1563846752543.1,div/div#panels/div#viewPort/
move,1243,625,-1,1563846831087.3,same
move,1242,625,-1,1563846831233.7,same
move,1241,625,-1,1563846831257.5,same
move,1240,625,-1,1563846831265.1,same
move,1239,626,-1,1563846831281.2,same
move,1238,626,-1,1563846831293.3,same
move,1235,626,-1,1563846831310.3,same
move,1231,628,-1,1563846831328.3,same
move,1227,629,-1,1563846831343.2,same
move,1224,629,-1,1563846831360.6,div#pdfScroll-48ff396679dec1310d3047dae85f7f5f/div/div#panels/div#viewPort/
move,1223,629,-1,1563846831377.3,same
move,1223,630,-1,1563846831557.8,same
move,1222,630,-1,1563846831572.2,same
move,1221,630,-1,1563846831587.6,same
move,1217,632,-1,1563846831604.3,same
move,1213,634,-1,1563846831622.3,same
move,1207,634,-1,1563846831638.1,div#boxSegments/div#page-1/div#pdfScroll-48ff396679dec1310d3047dae85f7f5f/div/div#panels/div#viewPort/
move,1199,636,-1,1563846831655,same
move,1186,638,-1,1563846831671.7,same
move,1167,641,-1,1563846831688.6,same
move,1144,643,-1,1563846831704.7,same
move,1118,646,-1,1563846831722.1,same
move,1094,648,-1,1563846831738.8,same
move,1073,649,-1,1563846831754.7,same
move,1053,650,-1,1563846831771.6,same
move,1038,651,-1,1563846831787.6,same
move,1027,651,-1,1563846831805.9,same
move,1014,653,-1,1563846831822.5,same
move,1011,653,-1,1563846831837.6,same
move,1010,653,-1,1563846831854.1,same
move,1009,653,-1,1563846832007.2,same
move,1009,655,-1,1563846832416,same
move,1011,656,-1,1563846832421.5,same
move,1016,660,-1,1563846832436.7,same
move,1048,684,-1,1563846832454.3,same
move,1088,706,-1,1563846832471.8,same
move,1132,729,-1,1563846832486.8,same
move,1178,749,-1,1563846832505.7,same
move,1241,769,-1,1563846832521.1,div/div#panels/div#viewPort/
move,1154,1034,-1,1563846858614.9,div#boxSegments/div#page-1/div#pdfScroll-48ff396679dec1310d3047dae85f7f5f/div/div#panels/div#viewPort/
move,1034,1015,-1,1563846858622.3,same
move,811,993,-1,1563846858637.9,same
move,626,979,-1,1563846858654.7,same
move,392,965,-1,1563846858677.8,div#72bbf250-acec-11e9-85e0-3dcd6721087f/div#boxSegments/div#page-1/div#pdfScroll-48ff396679dec1310d3047dae85f7f5f/div/div#panels/div#viewPort/
move,291,961,-1,1563846858698.2,same
move,239,959,-1,1563846858705.9,div#boxSegments/div#page-1/div#pdfScroll-48ff396679dec1310d3047dae85f7f5f/div/div#panels/div#viewPort/
move,220,959,-1,1563846858743.7,same
move,220,958,-1,1563846859172,same
move,222,957,-1,1563846859179.5,same
move,224,956,-1,1563846859191.5,same
move,239,953,-1,1563846859208,same
move,268,948,-1,1563846859224,same
move,309,941,-1,1563846859249.2,div#72bbf250-acec-11e9-85e0-3dcd6721087f/div#boxSegments/div#page-1/div#pdfScroll-48ff396679dec1310d3047dae85f7f5f/div/div#panels/div#viewPort/
move,352,937,-1,1563846859267.4,same
move,383,933,-1,1563846859282.3,same
move,408,930,-1,1563846859300.3,same
move,431,929,-1,1563846859317.6,same
move,435,929,-1,1563846859327.6,div#boxSegments/div#page-1/div#pdfScroll-48ff396679dec1310d3047dae85f7f5f/div/div#panels/div#viewPort/
move,439,929,-1,1563846859341.4,same
move,439,930,-1,1563846859457.6,same
move,436,931,-1,1563846859473.4,same
move,420,938,-1,1563846859495.9,div#72bbf250-acec-11e9-85e0-3dcd6721087f/div#boxSegments/div#page-1/div#pdfScroll-48ff396679dec1310d3047dae85f7f5f/div/div#panels/div#viewPort/
move,384,943,-1,1563846859516.2,same
move,342,944,-1,1563846859534.2,same
move,313,944,-1,1563846859548.7,same
move,293,942,-1,1563846859565.2,same
move,291,942,-1,1563846859582.3,same
move,291,941,-1,1563846859632.6,same
move,292,940,-1,1563846859650.2,same
move,292,939,-1,1563846859665.4,same
move,293,938,-1,1563846859700.5,same
move,297,936,-1,1563846859715.7,same
move,301,935,-1,1563846859732.7,same
move,306,933,-1,1563846859749.1,same
move,311,933,-1,1563846859768.6,same
move,317,933,-1,1563846859783.5,same
move,325,933,-1,1563846859800,same
move,329,934,-1,1563846859816.6,same
move,330,934,-1,1563846859833.5,same
down,330,934,0,1563846860046.3,same
move,330,934,-1,1563846860069.9,same
move,330,937,-1,1563846860268.8,same
move,326,951,-1,1563846860279.9,same
move,318,971,-1,1563846860295.5,same
move,300,997,-1,1563846860312.1,same
move,297,1002,-1,1563846860329.6,same
move,289,1012,-1,1563846860345.2,same
move,287,1015,-1,1563846860363.1,same
move,286,1016,-1,1563846860379.6,same
move,285,1017,-1,1563846860395.1,same
move,284,1018,-1,1563846860429,same
move,282,1019,-1,1563846860446.7,same
move,279,1019,-1,1563846860462.4,same
move,273,1019,-1,1563846860498.8,same
move,253,1014,-1,1563846860530.6,same
move,231,1009,-1,1563846860546.4,same
move,217,1005,-1,1563846860562,same
move,205,1001,-1,1563846860578.7,same
move,192,996,-1,1563846860594.7,same
move,183,992,-1,1563846860613.7,same
move,173,989,-1,1563846860628.5,same
move,164,987,-1,1563846860645.8,same
move,157,986,-1,1563846860662,same
move,151,985,-1,1563846860678.9,same
move,146,984,-1,1563846860695.8,same
move,143,983,-1,1563846860712.7,same
move,142,983,-1,1563846860728.8,same
move,141,983,-1,1563846860745.6,same
move,140,983,-1,1563846860762.8,same
move,139,983,-1,1563846860778.3,same
move,136,983,-1,1563846860795.6,same
move,132,983,-1,1563846860811.4,same
move,130,983,-1,1563846860827.8,same
move,128,983,-1,1563846860844.9,same
move,125,983,-1,1563846860862,same
move,124,983,-1,1563846860879.2,same
move,122,983,-1,1563846860895.2,same
move,121,983,-1,1563846860928.2,same
move,121,983,-1,1563846861227.9,same
move,124,983,-1,1563846861399.6,same
move,137,980,-1,1563846861414.8,same
move,166,973,-1,1563846861432.1,same
move,221,963,-1,1563846861450,same
move,293,957,-1,1563846861457.9,div#boxSegments/div#page-1/div#pdfScroll-48ff396679dec1310d3047dae85f7f5f/div/div#panels/div#viewPort/
move,382,949,-1,1563846861474.3,same
move,528,949,-1,1563846861491.5,same
move,582,949,-1,1563846861507.3,same
move,734,952,-1,1563846861524.2,same
move,831,960,-1,1563846861542.3,same
move,933,971,-1,1563846861558.2,same
move,1049,983,-1,1563846861574.4,same
move,1165,997,-1,1563846861592.3,same
move,1280,1005,-1,1563846861608.4,div/div#panels/div#viewPort/
move,1389,1009,-1,1563846861626,div/div#inner-frame/div#frame/div#graphMap/div#graphScroll/div#panels/div#viewPort/
move,1490,1013,-1,1563846861642.3,same
move,1590,1015,-1,1563846861661.9,div#frame/div#graphMap/div#graphScroll/div#panels/div#viewPort/
move,1695,1023,-1,1563846861677.5,div/div#inner-frame/div#frame/div#graphMap/div#graphScroll/div#panels/div#viewPort/
move,1793,1028,-1,1563846861691.4,same
move,1887,1034,-1,1563846861708.6,same
move,2002,1039,-1,1563846861727.1,same
move,2071,1042,-1,1563846861742.1,same
move,2135,1047,-1,1563846861758.1,same
move,2203,1056,-1,1563846861775,same
move,2272,1068,-1,1563846861791,same
move,2329,1076,-1,1563846861810.4,same
move,2381,1084,-1,1563846861825.6,same
move,2415,1090,-1,1563846861842.6,same
move,2439,1095,-1,1563846861858.9,div#graphScroll/div#panels/div#viewPort/
move,2455,1098,-1,1563846861879.2,div#viewPort/
move,1223,76,-1,1563847031938.7,same
move,1165,64,-1,1563847031945.3,div/div/div#pdfSelector/div/div#viewPort/
move,1061,44,-1,1563847031961.1,same
move,981,30,-1,1563847031978.9,same
move,924,22,-1,1563847031995.2,same
move,895,19,-1,1563847032010.8,div/div#viewPort/
move,885,17,-1,1563847032027.2,same
move,883,16,-1,1563847032045.1,same
move,882,13,-1,1563847032061.1,div#viewPort/
move,881,8,-1,1563847032076.8,same
move,879,2,-1,1563847032094.8,same
move,879,0,-1,1563847032105.3,same
move,903,4,-1,1563847032740.3,same
move,913,15,-1,1563847032749.5,div/div#viewPort/
move,923,39,-1,1563847032763.6,div/div/div#pdfSelector/div/div#viewPort/
move,951,103,-1,1563847032778.6,div#boxSegments/div#page-1/div#pdfScroll-48ff396679dec1310d3047dae85f7f5f/div/div#panels/div#viewPort/
move,975,182,-1,1563847032794.2,same
move,1010,304,-1,1563847032810.4,same
move,1034,380,-1,1563847032826.5,same
move,1051,445,-1,1563847032843.1,same
move,1072,516,-1,1563847032859.9,same
move,1093,584,-1,1563847032876,same
move,1114,647,-1,1563847032893,same
move,1130,683,-1,1563847032909.9,same
move,1139,695,-1,1563847032928.1,same
move,1142,698,-1,1563847032944.4,same
move,1143,698,-1,1563847032961,same
move,1145,699,-1,1563847032977.7,same
move,1151,700,-1,1563847032994.9,same
move,1155,700,-1,1563847033011.7,same
move,1167,700,-1,1563847033027.2,same
move,1200,696,-1,1563847033044.3,same
move,1232,694,-1,1563847033061.1,div/div#panels/div#viewPort/
move,1263,694,-1,1563847033076.9,same
move,1295,703,-1,1563847033094.6,same
move,1321,713,-1,1563847033111.5,div#graphScroll/div#panels/div#viewPort/
move,1345,723,-1,1563847033128.2,svg#svgLayer/div#graphMap/div#graphScroll/div#panels/div#viewPort/
move,1368,732,-1,1563847033147.4,div/div#inner-frame/div#frame/div#graphMap/div#graphScroll/div#panels/div#viewPort/
move,1387,736,-1,1563847033162,same
move,1399,737,-1,1563847033178.9,same
move,1402,738,-1,1563847033198.3,same
move,1404,739,-1,1563847033212.8,same
move,1407,749,-1,1563847033230.2,same
move,1408,755,-1,1563847033245.9,same
move,1413,770,-1,1563847033262.4,same
move,1417,778,-1,1563847033279.1,same
move,1422,783,-1,1563847033295.7,svg#svgLayer/div#graphMap/div#graphScroll/div#panels/div#viewPort/
move,1436,800,-1,1563847033310.9,same
move,1446,810,-1,1563847033327.3,same
move,1455,817,-1,1563847033344.1,same
move,1463,818,-1,1563847033360.8,same
move,1466,818,-1,1563847033377.3,same
move,1467,818,-1,1563847033397.5,same
move,1467,819,-1,1563847033597,div#frame/div#graphMap/div#graphScroll/div#panels/div#viewPort/
move,1465,829,-1,1563847033614.9,div#dragHandle/div#frame/div#graphMap/div#graphScroll/div#panels/div#viewPort/
move,1465,830,-1,1563847033628.8,same
move,1464,832,-1,1563847033645,same
move,1464,833,-1,1563847033661.8,same
move,1463,834,-1,1563847033677.1,same
move,1462,834,-1,1563847033693.8,same
down,1462,834,0,1563847033838.8,same
up,1462,834,0,1563847033925.7,same
move,1461,834,-1,1563847033990.5,same
move,1460,834,-1,1563847033998,same
move,1459,834,-1,1563847034010.8,same
move,1453,834,-1,1563847034027.8,same
move,1447,835,-1,1563847034043.8,same
move,1441,835,-1,1563847034061.9,same
move,1435,835,-1,1563847034078,same
move,1434,835,-1,1563847034096.8,same
move,1433,835,-1,1563847034451.6,same
move,1431,835,-1,1563847034477.1,same
move,1430,833,-1,1563847034496.5,same
down,1430,833,0,1563847034662.4,same
move,1430,832,-1,1563847034792.9,same
move,1432,829,-1,1563847034813.8,same
move,1439,820,-1,1563847034833.4,div#frame/div#graphMap/div#graphScroll/div#panels/div#viewPort/
move,1452,807,-1,1563847034845,svg#svgLayer/div#graphMap/div#graphScroll/div#panels/div#viewPort/
move,1468,789,-1,1563847034860.5,same
move,1485,773,-1,1563847034880.3,div/div#inner-frame/div#frame/div#graphMap/div#graphScroll/div#panels/div#viewPort/
move,1496,760,-1,1563847034894.1,same
move,1504,749,-1,1563847034910.8,same
move,1510,741,-1,1563847034927.8,same
move,1515,734,-1,1563847034944.7,same
move,1517,731,-1,1563847034963.8,same
move,1520,727,-1,1563847034979.1,same
move,1520,725,-1,1563847034995.1,same
move,1521,724,-1,1563847035012.2,same
move,1522,722,-1,1563847035039.6,same
move,1522,721,-1,1563847035047.8,same
move,1523,720,-1,1563847035062.1,same
move,1525,716,-1,1563847035079,same
move,1528,712,-1,1563847035095.5,same
move,1528,711,-1,1563847035112,same
up,1528,711,0,1563847035237.3,same
move,1528,711,-1,1563847035245.3,same
move,1529,711,-1,1563847035316.4,same
move,1531,714,-1,1563847035327.4,same
move,1535,719,-1,1563847035344.7,same
move,1551,734,-1,1563847035360.8,same
move,1562,742,-1,1563847035378.5,same
move,1659,794,-1,1563847035394.9,svg#svgLayer/div#graphMap/div#graphScroll/div#panels/div#viewPort/
move,1681,804,-1,1563847035410.1,same
move,1698,810,-1,1563847035426.9,same
move,1709,812,-1,1563847035445.4,same
move,1716,815,-1,1563847035461.3,same
move,1719,816,-1,1563847035478.8,same
move,1721,817,-1,1563847035495.8,same
move,1722,818,-1,1563847035511.7,same
move,1723,820,-1,1563847035528.8,same
move,1725,825,-1,1563847035545.6,same
move,1726,828,-1,1563847035562.6,same
move,1730,837,-1,1563847035585.9,div#dragHandle/div#frame/div#graphMap/div#graphScroll/div#panels/div#viewPort/
move,1742,853,-1,1563847035598.8,div/div#inner-frame/div#frame/div#graphMap/div#graphScroll/div#panels/div#viewPort/
move,1748,857,-1,1563847035613.2,same
move,1752,859,-1,1563847035630.4,same
move,1753,859,-1,1563847035648.2,same
move,1752,859,-1,1563847035721.9,same
move,1751,859,-1,1563847035745.9,same
move,1751,858,-1,1563847035763.1,same
move,1750,856,-1,1563847035780.5,same
move,1748,854,-1,1563847035797.8,same
move,1748,851,-1,1563847035814.8,div#dragHandle/div#frame/div#graphMap/div#graphScroll/div#panels/div#viewPort/
move,1747,848,-1,1563847035831.6,same
move,1746,847,-1,1563847035847.5,same
move,1746,846,-1,1563847035863.8,same
down,1746,846,0,1563847035978.4,same
up,1746,846,0,1563847036194.3,same
move,1746,847,-1,1563847036915.9,same
move,1753,870,-1,1563847036934,div/div#inner-frame/div#frame/div#graphMap/div#graphScroll/div#panels/div#viewPort/
move,1763,897,-1,1563847036949,same
move,1779,947,-1,1563847036964.3,same
move,1801,993,-1,1563847036984.3,same
move,1821,1032,-1,1563847036996.1,same
move,1852,1074,-1,1563847037013.4,same
move,1878,1102,-1,1563847037027.8,same
move,1900,1120,-1,1563847037045.8,same
move,1914,1132,-1,1563847037062.1,same
move,1922,1139,-1,1563847037078.6,same
move,1927,1142,-1,1563847037094.5,same
move,1929,1143,-1,1563847037110.6,same
move,1929,1144,-1,1563847037228,same
move,1933,1151,-1,1563847037245.9,same
move,1942,1165,-1,1563847037263.3,same
move,1955,1181,-1,1563847037280.8,same
move,1967,1196,-1,1563847037296.8,same
move,1977,1206,-1,1563847037319.4,div#frame/div#graphMap/div#graphScroll/div#panels/div#viewPort/
move,1983,1211,-1,1563847037331.7,div#dragHandle/div#frame/div#graphMap/div#graphScroll/div#panels/div#viewPort/
move,1987,1214,-1,1563847037346.2,same
move,1989,1214,-1,1563847037361.7,same
move,1989,1213,-1,1563847037419.4,same
move,1988,1212,-1,1563847037427.8,same
move,1988,1211,-1,1563847037445,same
move,1988,1212,-1,1563847037677,same
move,1989,1215,-1,1563847037694.6,same
move,1990,1216,-1,1563847037711.9,same
move,1990,1217,-1,1563847037727.5,same
down,1990,1217,0,1563847037836.9,same
up,1990,1217,0,1563847037941.7,same
move,1991,1218,-1,1563847038014.4,same
move,1991,1220,-1,1563847038030.7,same
move,1991,1221,-1,1563847038046.5,same
move,1992,1221,-1,1563847038062.8,same
move,1993,1221,-1,1563847038316.5,same
move,2001,1218,-1,1563847038331.1,same
move,2018,1210,-1,1563847038354,div#frame/div#graphMap/div#graphScroll/div#panels/div#viewPort/
move,2042,1200,-1,1563847038368.3,div/div#inner-frame/div#frame/div#graphMap/div#graphScroll/div#panels/div#viewPort/
move,2085,1176,-1,1563847038379.1,same
move,2161,1121,-1,1563847038395.6,same
move,2260,1042,-1,1563847038412.6,same
move,2377,960,-1,1563847038430.9,same
move,2431,918,-1,1563847038441.1,div#graphScroll/div#panels/div#viewPort/
move,1174,145,-1,1563847094508.5,div#boxSegments/div#page-1/div#pdfScroll-48ff396679dec1310d3047dae85f7f5f/div/div#panels/div#viewPort/
move,1081,28,-1,1563847094514.5,div/div/div#pdfSelector/div/div#viewPort/
move,797,2,-1,1563847095326,div#viewPort/
move,806,12,-1,1563847095333.7,same
move,820,25,-1,1563847095350.8,div/div/div#pdfSelector/div/div#viewPort/
move,876,78,-1,1563847095368.3,div#viewPort/
move,932,142,-1,1563847095384.3,div#boxSegments/div#page-1/div#pdfScroll-48ff396679dec1310d3047dae85f7f5f/div/div#panels/div#viewPort/
move,1002,230,-1,1563847095401.4,same
move,1077,326,-1,1563847095418.5,same
move,1146,409,-1,1563847095434.2,same
move,1205,470,-1,1563847095450.1,same
move,1257,521,-1,1563847095467.5,div/div#panels/div#viewPort/
move,1304,566,-1,1563847095483.4,same
move,1342,601,-1,1563847095500.9,svg#svgLayer/div#graphMap/div#graphScroll/div#panels/div#viewPort/
move,1367,623,-1,1563847095517.4,same
move,1381,638,-1,1563847095533.5,same
move,1386,645,-1,1563847095550.6,same
move,1387,648,-1,1563847095567.4,same
move,1387,649,-1,1563847095615.6,same
move,1387,650,-1,1563847095633.4,same
move,1388,654,-1,1563847095650.9,same
move,1390,661,-1,1563847095667.8,same
move,1396,674,-1,1563847095685.1,same
move,1405,695,-1,1563847095709.6,span#sizeToggler/div#dragHandle/div#frame/div#graphMap/div#graphScroll/div#panels/div#viewPort/
move,1419,731,-1,1563847095722,div/div#inner-frame/div#frame/div#graphMap/div#graphScroll/div#panels/div#viewPort/
move,1436,778,-1,1563847095737.2,same
move,1451,813,-1,1563847095753.5,svg#svgLayer/div#graphMap/div#graphScroll/div#panels/div#viewPort/
move,1459,832,-1,1563847095775.2,div#dragHandle/div#frame/div#graphMap/div#graphScroll/div#panels/div#viewPort/
move,1463,837,-1,1563847095787.9,same
move,1462,837,-1,1563847096101.3,same
move,1461,837,-1,1563847096148.8,same
move,1461,836,-1,1563847096157,same
move,1461,835,-1,1563847096205.1,same
move,1461,834,-1,1563847096233.8,same
move,1461,833,-1,1563847096254.8,same
move,1461,832,-1,1563847096271.6,same
down,1461,832,0,1563847096402.9,same
up,1461,832,0,1563847096503.6,same
move,1461,831,-1,1563847097404.5,same
move,1473,828,-1,1563847097421.6,same
move,1516,815,-1,1563847097438.5,svg#svgLayer/div#graphMap/div#graphScroll/div#panels/div#viewPort/
move,1601,783,-1,1563847097453.1,same
move,1725,728,-1,1563847097469.6,same
move,1882,651,-1,1563847097488,line#graphLink-link-3a7048f1-8d53-11e9-a354-559240d0dbc6/svg#svgLayer/div#graphMap/div#graphScroll/div#panels/div#viewPort/
move,2292,366,-1,1563847097520.1,svg#svgLayer/div#graphMap/div#graphScroll/div#panels/div#viewPort/
move,2434,261,-1,1563847097535.7,div#graphScroll/div#panels/div#viewPort/
move,378,1329,-1,1563847235897.8,div#boxSegments/div#page-1/div#pdfScroll-48ff396679dec1310d3047dae85f7f5f/div/div#panels/div#viewPort/
move,395,1228,-1,1563847235913.7,same
move,415,1145,-1,1563847235931,same
move,434,1087,-1,1563847235951.2,same
move,445,1059,-1,1563847235967.1,same
move,452,1047,-1,1563847235983,same
move,458,1044,-1,1563847236000.3,same
move,460,1044,-1,1563847236016.7,same
move,468,1043,-1,1563847236033.2,same
move,478,1043,-1,1563847236050.4,same
move,482,1043,-1,1563847236066.3,same
move,484,1043,-1,1563847236084.9,same
move,490,1045,-1,1563847236100,same
move,517,1048,-1,1563847236116.7,same
move,609,1048,-1,1563847236134,same
move,748,1041,-1,1563847236149.9,same
move,893,1026,-1,1563847236166.8,same
move,1020,1008,-1,1563847236182.9,same
move,1118,992,-1,1563847236200.1,same
move,1195,980,-1,1563847236217.1,same
move,1239,971,-1,1563847236233.1,div/div#panels/div#viewPort/
move,1241,970,-1,1563847236333.2,same
move,1234,971,-1,1563847236349.6,same
move,1230,972,-1,1563847236366.7,same
move,1229,972,-1,1563847236382.9,same
move,1229,973,-1,1563847236399.9,same
move,1228,973,-1,1563847236416.7,same
move,1225,973,-1,1563847236432.8,div#pdfScroll-48ff396679dec1310d3047dae85f7f5f/div/div#panels/div#viewPort/
move,1217,977,-1,1563847236449.8,same
move,1199,985,-1,1563847236467,div#boxSegments/div#page-1/div#pdfScroll-48ff396679dec1310d3047dae85f7f5f/div/div#panels/div#viewPort/
move,1161,997,-1,1563847236497.8,same
move,1158,997,-1,1563847236500.1,same
move,1152,999,-1,1563847236515.8,same
move,1150,1000,-1,1563847236533.5,same
down,1150,1000,0,1563847236821.5,same
move,1150,1000,-1,1563847236835.2,div/div#boxSegments/div#page-1/div#pdfScroll-48ff396679dec1310d3047dae85f7f5f/div/div#panels/div#viewPort/
up,1150,1000,0,1563847236936.8,same
move,1153,1000,-1,1563847237246,same
move,1156,1000,-1,1563847237254.2,div#boxSegments/div#page-1/div#pdfScroll-48ff396679dec1310d3047dae85f7f5f/div/div#panels/div#viewPort/
move,1161,1001,-1,1563847237266.4,same
move,1177,1002,-1,1563847237283.5,same
move,1196,1003,-1,1563847237299.6,same
move,1216,1005,-1,1563847237316.7,div#pdfScroll-48ff396679dec1310d3047dae85f7f5f/div/div#panels/div#viewPort/
move,1244,1010,-1,1563847237334.1,div/div#panels/div#viewPort/
move,1264,1015,-1,1563847237350,same
move,1285,1021,-1,1563847237366.1,same
move,1303,1025,-1,1563847237383.6,same
move,1313,1027,-1,1563847237399.7,div#graphScroll/div#panels/div#viewPort/
move,1317,1028,-1,1563847237416.6,same
move,1318,1029,-1,1563847237433.5,same
move,1316,1031,-1,1563847237945.1,same
move,1305,1039,-1,1563847237958.2,div/div#panels/div#viewPort/
move,1186,1101,-1,1563847237967.4,div#boxSegments/div#page-1/div#pdfScroll-48ff396679dec1310d3047dae85f7f5f/div/div#panels/div#viewPort/
move,1010,1182,-1,1563847237983.1,same
move,822,1259,-1,1563847238000,same
move,654,1321,-1,1563847238017,same
move,500,1369,-1,1563847238034,div#viewPort/
move,174,1378,-1,1563847238332.9,same
move,172,1373,-1,1563847238337.9,same
move,170,1371,-1,1563847238349.6,same
move,166,1371,-1,1563847238367.8,same
move,156,1374,-1,1563847238383.4,same
move,147,1378,-1,1563847238393.7,same
up,1450,826,0,1563847241513.1,div#dragHandle/div#frame/div#graphMap/div#graphScroll/div#panels/div#viewPort/
move,1450,827,-1,1563847241778.6,same
move,1444,832,-1,1563847241787.2,same
move,1406,871,-1,1563847241803,div/div#inner-frame/div#frame/div#graphMap/div#graphScroll/div#panels/div#viewPort/
move,1379,900,-1,1563847241817.8,same
move,1289,1013,-1,1563847241837.8,div/div#panels/div#viewPort/
move,1207,1125,-1,1563847241851.1,div#boxSegments/div#page-1/div#pdfScroll-48ff396679dec1310d3047dae85f7f5f/div/div#panels/div#viewPort/
move,1100,1271,-1,1563847241866.6,same
move,1035,1353,-1,1563847241881.7,div#pdfScroll-48ff396679dec1310d3047dae85f7f5f/div/div#panels/div#viewPort/
move,964,1187,-1,1563847252602.4,div#boxSegments/div#page-1/div#pdfScroll-48ff396679dec1310d3047dae85f7f5f/div/div#panels/div#viewPort/
move,1234,812,-1,1563847252618.7,div/div#panels/div#viewPort/
move,1361,649,-1,1563847252635.7,svg#svgLayer/div#graphMap/div#graphScroll/div#panels/div#viewPort/
move,1467,545,-1,1563847252653.4,div/div#inner-frame/div#frame/div#graphMap/div#graphScroll/div#panels/div#viewPort/
move,1538,493,-1,1563847252670.2,div#frame/div#graphMap/div#graphScroll/div#panels/div#viewPort/
move,1566,474,-1,1563847252685.5,svg#svgLayer/div#graphMap/div#graphScroll/div#panels/div#viewPort/
move,1571,470,-1,1563847252702,same
move,1571,469,-1,1563847252791,same
move,1572,468,-1,1563847252803,same
move,1573,467,-1,1563847252818,same
move,1573,466,-1,1563847252834.9,same
move,1573,467,-1,1563847253027.6,same
move,1573,469,-1,1563847253035.7,same
move,1575,473,-1,1563847253051.8,same
move,1577,482,-1,1563847253068,same
move,1583,490,-1,1563847253086,same
move,1587,497,-1,1563847253102.3,same
move,1591,503,-1,1563847253117.9,same
move,1596,508,-1,1563847253135.2,same
move,1601,514,-1,1563847253151.8,same
move,1607,520,-1,1563847253167.9,same
move,1614,526,-1,1563847253184.8,same
move,1620,531,-1,1563847253203.1,same
move,1622,532,-1,1563847253218.1,same
down,1622,532,0,1563847253398.7,same
up,1622,532,0,1563847253529.3,same
move,1618,531,-1,1563847253569.1,same
move,1603,524,-1,1563847253585.1,same
move,1585,517,-1,1563847253603,same
move,1571,512,-1,1563847253620,same
move,1560,507,-1,1563847253638,div#frame/div#graphMap/div#graphScroll/div#panels/div#viewPort/
move,1549,504,-1,1563847253654.7,div#dragHandle/div#frame/div#graphMap/div#graphScroll/div#panels/div#viewPort/
move,1539,501,-1,1563847253669.7,same
move,1531,499,-1,1563847253685.9,same
move,1524,498,-1,1563847253703,same
move,1516,496,-1,1563847253720.4,div#frame/div#graphMap/div#graphScroll/div#panels/div#viewPort/
move,1505,493,-1,1563847253737.3,same
move,1495,492,-1,1563847253753.2,svg#svgLayer/div#graphMap/div#graphScroll/div#panels/div#viewPort/
move,1491,492,-1,1563847253769.1,same
move,1488,492,-1,1563847253785,same
move,1486,492,-1,1563847253803.4,same
move,1485,492,-1,1563847253819,same
move,1484,493,-1,1563847253837.1,div#frame/div#graphMap/div#graphScroll/div#panels/div#viewPort/
move,1484,494,-1,1563847254016.6,same
move,1483,495,-1,1563847254030.3,same
move,1483,496,-1,1563847254038.6,same
move,1482,497,-1,1563847254054.4,same
move,1482,499,-1,1563847254071.3,div#dragHandle/div#frame/div#graphMap/div#graphScroll/div#panels/div#viewPort/
move,1481,500,-1,1563847254085.9,same
down,1481,500,0,1563847254216.2,same
up,1481,500,0,1563847254311.7,same
move,1480,500,-1,1563847254398.6,same
move,1479,500,-1,1563847254406.4,same
move,1478,500,-1,1563847254419.4,same
move,1476,500,-1,1563847254435.5,same
move,1475,500,-1,1563847254452.2,same
move,1474,500,-1,1563847254576.5,same
down,1474,500,0,1563847254716.1,same
move,1475,500,-1,1563847254816.8,same
move,1477,496,-1,1563847254836.2,div#frame/div#graphMap/div#graphScroll/div#panels/div#viewPort/
move,1485,486,-1,1563847254841.6,svg#svgLayer/div#graphMap/div#graphScroll/div#panels/div#viewPort/
move,1494,474,-1,1563847254854.2,same
move,1504,462,-1,1563847254868.9,same
move,1516,448,-1,1563847254886.8,same
move,1527,436,-1,1563847254901.8,same
move,1536,424,-1,1563847254918.6,same
move,1545,413,-1,1563847254936.1,same
move,1551,406,-1,1563847254952.9,same
move,1554,402,-1,1563847254969,same
move,1556,400,-1,1563847254985.3,same
move,1557,399,-1,1563847255002.2,same
up,1557,399,0,1563847255213.7,same
move,1557,399,-1,1563847255218.9,same
move,1557,401,-1,1563847255474.8,same
move,1555,405,-1,1563847255485.3,same
move,1552,416,-1,1563847255502.3,same
move,1544,436,-1,1563847255519.5,same
move,1536,462,-1,1563847255535.4,same
move,1524,498,-1,1563847255556.6,div#dragHandle/div#frame/div#graphMap/div#graphScroll/div#panels/div#viewPort/
move,1508,540,-1,1563847255570.3,div/div#inner-frame/div#frame/div#graphMap/div#graphScroll/div#panels/div#viewPort/
move,1494,577,-1,1563847255587.5,svg#svgLayer/div#graphMap/div#graphScroll/div#panels/div#viewPort/
move,1483,613,-1,1563847255602.6,same
move,1479,626,-1,1563847255619,same
move,1477,634,-1,1563847255636.3,same
move,1475,637,-1,1563847255652.5,same
move,1475,640,-1,1563847255669.2,same
move,1474,642,-1,1563847255685.2,same
move,1473,644,-1,1563847255702.1,same
move,1471,647,-1,1563847255719.1,same
move,1469,652,-1,1563847255735.2,same
move,1466,657,-1,1563847255753.1,same
move,1465,660,-1,1563847255768.1,same
move,1463,666,-1,1563847255785.6,same
move,1461,670,-1,1563847255801.5,same
move,1460,671,-1,1563847255818.1,same
move,1459,674,-1,1563847255835.3,same
move,1458,676,-1,1563847255851.5,same
move,1458,677,-1,1563847255870.8,div#frame/div#graphMap/div#graphScroll/div#panels/div#viewPort/
move,1457,678,-1,1563847255886.2,same
move,1457,680,-1,1563847255903.1,same
move,1456,681,-1,1563847255919,same
move,1455,683,-1,1563847255937.6,div#dragHandle/div#frame/div#graphMap/div#graphScroll/div#panels/div#viewPort/
move,1455,684,-1,1563847255952.5,same
move,1455,685,-1,1563847255972.7,same
move,1455,686,-1,1563847255996.9,same
move,1454,686,-1,1563847256004.4,same
move,1453,686,-1,1563847256020.3,same
down,1453,686,0,1563847256134.6,same
up,1453,686,0,1563847256261.7,same
move,1453,687,-1,1563847257564.6,same
move,1453,688,-1,1563847257571.2,same
move,1453,692,-1,1563847257587.3,same
move,1452,696,-1,1563847257603.2,same
move,1451,701,-1,1563847257622.1,div/div#inner-frame/div#frame/div#graphMap/div#graphScroll/div#panels/div#viewPort/
move,1451,706,-1,1563847257636.6,same
move,1451,710,-1,1563847257652.6,same
move,1451,712,-1,1563847257671.2,same
move,1450,715,-1,1563847257685.7,same
move,1450,718,-1,1563847257703.4,same
move,1450,721,-1,1563847257720.3,same
move,1449,724,-1,1563847257735.7,same
move,1449,730,-1,1563847257752.1,same
move,1448,735,-1,1563847257771.6,same
move,1448,740,-1,1563847257789.4,same
move,1448,744,-1,1563847257804.6,same
move,1448,748,-1,1563847257821.1,same
move,1447,752,-1,1563847257836.6,same
move,1447,758,-1,1563847257853.4,same
move,1447,763,-1,1563847257870.5,same
move,1447,767,-1,1563847257886.9,same
move,1446,771,-1,1563847257903.5,same
move,1446,775,-1,1563847257920.7,same
move,1446,778,-1,1563847257937.5,same
move,1445,783,-1,1563847257953.9,svg#svgLayer/div#graphMap/div#graphScroll/div#panels/div#viewPort/
move,1445,787,-1,1563847257969,same
move,1445,791,-1,1563847257987.1,same
move,1445,793,-1,1563847258002.7,same
move,1445,795,-1,1563847258018.9,same
move,1445,798,-1,1563847258036.2,same
move,1444,803,-1,1563847258052.1,same
move,1441,817,-1,1563847258069.1,same
move,1440,824,-1,1563847258088.2,div#dragHandle/div#frame/div#graphMap/div#graphScroll/div#panels/div#viewPort/
move,1439,831,-1,1563847258104.2,same
move,1439,836,-1,1563847258120.2,same
move,1438,842,-1,1563847258137.9,div/div#inner-frame/div#frame/div#graphMap/div#graphScroll/div#panels/div#viewPort/
move,1437,846,-1,1563847258154.3,same
move,1437,849,-1,1563847258170.1,same
move,1437,853,-1,1563847258190.1,same
move,1437,856,-1,1563847258204.1,same
move,1436,858,-1,1563847258220.8,same
move,1435,861,-1,1563847258236.5,same
move,1435,863,-1,1563847258253.4,same
move,1435,864,-1,1563847258270.5,same
move,1435,865,-1,1563847258289.7,same
move,1435,866,-1,1563847258312.8,same
move,1435,867,-1,1563847258322.6,same
move,1435,868,-1,1563847258339.4,same
down,1435,868,0,1563847258712.6,same
up,1435,868,0,1563847258833.6,same
down,1435,868,0,1563847259384.3,same
up,1435,868,0,1563847259495.7,same
move,1434,868,-1,1563847260147.6,same
move,1433,866,-1,1563847260155.9,same
move,1432,863,-1,1563847260170.1,same
move,1430,856,-1,1563847260187.3,same
move,1428,852,-1,1563847260203.7,same
move,1428,849,-1,1563847260220.5,same
move,1426,846,-1,1563847260238,same
move,1425,841,-1,1563847260254.9,same
move,1425,840,-1,1563847260271.2,div#dragHandle/div#frame/div#graphMap/div#graphScroll/div#panels/div#viewPort/
move,1424,838,-1,1563847260288,same
move,1424,837,-1,1563847260304,same
move,1424,836,-1,1563847260320.1,same
move,1424,834,-1,1563847260337.2,same
move,1423,833,-1,1563847260354.1,same
move,1423,832,-1,1563847260370.6,same
move,1422,831,-1,1563847260387.5,same
move,1422,830,-1,1563847260413,same
down,1422,830,0,1563847260516.5,same
move,1422,829,-1,1563847260783.9,same
move,1422,827,-1,1563847260791.6,same
move,1422,822,-1,1563847260805.1,div#frame/div#graphMap/div#graphScroll/div#panels/div#viewPort/
move,1425,803,-1,1563847260821.9,svg#svgLayer/div#graphMap/div#graphScroll/div#panels/div#viewPort/
move,1429,772,-1,1563847260838.7,div/div#inner-frame/div#frame/div#graphMap/div#graphScroll/div#panels/div#viewPort/
move,1430,764,-1,1563847260853.8,same
move,1431,752,-1,1563847260869.8,same
move,1432,739,-1,1563847260886.3,same
move,1433,734,-1,1563847260902.8,same
move,1433,731,-1,1563847260919.6,same
move,1434,730,-1,1563847260937,same
move,1434,729,-1,1563847260952.9,same
up,1434,729,0,1563847261199.6,same
move,1434,729,-1,1563847261203.7,same
move,1434,731,-1,1563847261322.9,same
move,1433,733,-1,1563847261337.3,same
move,1426,744,-1,1563847261354.5,same
move,1422,750,-1,1563847261370,same
move,1409,776,-1,1563847261386.6,same
move,1397,798,-1,1563847261403.8,svg#svgLayer/div#graphMap/div#graphScroll/div#panels/div#viewPort/
move,1375,831,-1,1563847261421.9,span#sizeToggler/div#dragHandle/div#frame/div#graphMap/div#graphScroll/div#panels/div#viewPort/
move,1336,877,-1,1563847261436.8,svg#svgLayer/div#graphMap/div#graphScroll/div#panels/div#viewPort/
move,1278,932,-1,1563847261457.1,div/div#panels/div#viewPort/
move,1200,1001,-1,1563847261470.1,div#boxSegments/div#page-1/div#pdfScroll-48ff396679dec1310d3047dae85f7f5f/div/div#panels/div#viewPort/
move,1097,1095,-1,1563847261485.7,same
move,981,1207,-1,1563847261502.7,same
move,885,1305,-1,1563847261519.6,same
move,850,1344,-1,1563847261529.6,same
move,1883,1198,-1,1563847268738.4,div/div#inner-frame/div#frame/div#graphMap/div#graphScroll/div#panels/div#viewPort/
move,2078,1132,-1,1563847268754.2,same
move,2223,1094,-1,1563847268770.6,same
move,2328,1068,-1,1563847268787.3,same
move,2409,1046,-1,1563847268804.2,same
move,2454,1036,-1,1563847268824.6,div#viewPort/
move,1174,294,-1,1563847395696.1,div#boxSegments/div#page-1/div#pdfScroll-48ff396679dec1310d3047dae85f7f5f/div/div#panels/div#viewPort/
move,1174,294,-1,1563847395697,div#boxSegments/div#page-1/div#pdfScroll-48ff396679dec1310d3047dae85f7f5f/div/div#panels/div#viewPort/
move,1104,191,-1,1563847395701.9,same
move,1104,191,-1,1563847395702.1,same
move,974,38,-1,1563847395718.3,div/div/div#pdfSelector/div/div#viewPort/
move,974,38,-1,1563847395718.4,div/div/div#pdfSelector/div/div#viewPort/
move,878,11,-1,1563847396244,div#viewPort/
move,878,11,-1,1563847396244.2,div#viewPort/
move,894,45,-1,1563847396252.2,div/div/div#pdfSelector/div/div#viewPort/
move,894,45,-1,1563847396252.3,div/div/div#pdfSelector/div/div#viewPort/
move,945,121,-1,1563847396268.7,div#boxSegments/div#page-1/div#pdfScroll-48ff396679dec1310d3047dae85f7f5f/div/div#panels/div#viewPort/
move,945,121,-1,1563847396268.8,div#boxSegments/div#page-1/div#pdfScroll-48ff396679dec1310d3047dae85f7f5f/div/div#panels/div#viewPort/
move,1011,214,-1,1563847396285.2,same
move,1011,214,-1,1563847396285.3,same
move,1090,315,-1,1563847396301.6,same
move,1090,315,-1,1563847396301.8,same
move,1167,421,-1,1563847396318.6,same
move,1167,421,-1,1563847396318.7,same
move,1243,522,-1,1563847396334.3,div/div#panels/div#viewPort/
move,1243,522,-1,1563847396334.6,div/div#panels/div#viewPort/
move,1322,601,-1,1563847396353,div#graphScroll/div#panels/div#viewPort/
move,1322,601,-1,1563847396353.2,div#graphScroll/div#panels/div#viewPort/
move,1399,655,-1,1563847396370.2,svg#svgLayer/div#graphMap/div#graphScroll/div#panels/div#viewPort/
move,1399,655,-1,1563847396370.4,svg#svgLayer/div#graphMap/div#graphScroll/div#panels/div#viewPort/
move,1466,685,-1,1563847396390.9,div#dragHandle/div#frame/div#graphMap/div#graphScroll/div#panels/div#viewPort/
move,1466,685,-1,1563847396391.1,div#dragHandle/div#frame/div#graphMap/div#graphScroll/div#panels/div#viewPort/
move,1508,699,-1,1563847396405.8,div/div#inner-frame/div#frame/div#graphMap/div#graphScroll/div#panels/div#viewPort/
move,1508,699,-1,1563847396406.1,div/div#inner-frame/div#frame/div#graphMap/div#graphScroll/div#panels/div#viewPort/
move,1527,706,-1,1563847396421.3,same
move,1527,706,-1,1563847396421.5,same
move,1531,707,-1,1563847396437.6,same
move,1531,707,-1,1563847396437.8,same
move,1532,707,-1,1563847396454.1,same
move,1532,707,-1,1563847396454.2,same
move,1531,707,-1,1563847396487.8,same
move,1531,707,-1,1563847396488,same
move,1530,707,-1,1563847396502.3,same
move,1530,707,-1,1563847396502.5,same
move,1526,704,-1,1563847396519.6,same
move,1526,704,-1,1563847396519.7,same
move,1522,702,-1,1563847396535.6,same
move,1522,702,-1,1563847396535.8,same
move,1519,699,-1,1563847396552.5,same
move,1519,699,-1,1563847396552.6,same
move,1519,698,-1,1563847396595.7,same
move,1519,698,-1,1563847396595.9,same
move,1518,698,-1,1563847396620.2,same
move,1518,698,-1,1563847396620.4,same
move,1515,695,-1,1563847396636.5,div#dragHandle/div#frame/div#graphMap/div#graphScroll/div#panels/div#viewPort/
move,1515,695,-1,1563847396636.6,div#dragHandle/div#frame/div#graphMap/div#graphScroll/div#panels/div#viewPort/
move,1507,686,-1,1563847396653.1,same
move,1507,686,-1,1563847396653.3,same
move,1500,681,-1,1563847396673.6,div#frame/div#graphMap/div#graphScroll/div#panels/div#viewPort/
move,1500,681,-1,1563847396673.6,div#frame/div#graphMap/div#graphScroll/div#panels/div#viewPort/
move,1497,679,-1,1563847396689.2,same
move,1497,679,-1,1563847396689.4,same
up,1497,679,0,1563847397262.9,same
up,1497,679,0,1563847397263,same
move,1497,680,-1,1563847397387.1,same
move,1497,680,-1,1563847397387.5,same
move,1497,682,-1,1563847397412.1,div#dragHandle/div#frame/div#graphMap/div#graphScroll/div#panels/div#viewPort/
move,1497,682,-1,1563847397412.8,div#dragHandle/div#frame/div#graphMap/div#graphScroll/div#panels/div#viewPort/
move,1497,683,-1,1563847397573.2,same
move,1497,683,-1,1563847397573.7,same
move,1496,685,-1,1563847397616.3,same
move,1496,685,-1,1563847397616.4,same
move,1496,686,-1,1563847397630.2,same
move,1496,686,-1,1563847397630.4,same
move,1496,687,-1,1563847397646.2,same
move,1496,687,-1,1563847397646.4,same
move,1496,684,-1,1563847397851.4,same
move,1496,684,-1,1563847397851.5,same
move,1496,674,-1,1563847397875.8,div#frame/div#graphMap/div#graphScroll/div#panels/div#viewPort/
move,1496,674,-1,1563847397876,div#frame/div#graphMap/div#graphScroll/div#panels/div#viewPort/
move,1496,667,-1,1563847397892,same
move,1496,667,-1,1563847397892.1,same
move,1496,661,-1,1563847397908.1,same
move,1496,661,-1,1563847397908.2,same
move,1497,656,-1,1563847397924.9,div#dragHandle/div#frame/div#graphMap/div#graphScroll/div#panels/div#viewPort/
move,1497,656,-1,1563847397925,div#dragHandle/div#frame/div#graphMap/div#graphScroll/div#panels/div#viewPort/
move,1498,650,-1,1563847397942.1,div#frame/div#graphMap/div#graphScroll/div#panels/div#viewPort/
move,1498,650,-1,1563847397942.2,div#frame/div#graphMap/div#graphScroll/div#panels/div#viewPort/
move,1501,644,-1,1563847397958.4,same
move,1501,644,-1,1563847397958.4,same
move,1502,639,-1,1563847397975.5,div#dragHandle/div#frame/div#graphMap/div#graphScroll/div#panels/div#viewPort/
move,1502,639,-1,1563847397975.6,div#dragHandle/div#frame/div#graphMap/div#graphScroll/div#panels/div#viewPort/
move,1504,633,-1,1563847397992.1,div#frame/div#graphMap/div#graphScroll/div#panels/div#viewPort/
move,1504,633,-1,1563847397992.2,div#frame/div#graphMap/div#graphScroll/div#panels/div#viewPort/
move,1505,629,-1,1563847398009.4,div#dragHandle/div#frame/div#graphMap/div#graphScroll/div#panels/div#viewPort/
move,1505,629,-1,1563847398009.5,div#dragHandle/div#frame/div#graphMap/div#graphScroll/div#panels/div#viewPort/
move,1507,622,-1,1563847398029.1,div#frame/div#graphMap/div#graphScroll/div#panels/div#viewPort/
move,1507,622,-1,1563847398029.2,div#frame/div#graphMap/div#graphScroll/div#panels/div#viewPort/
move,1508,618,-1,1563847398045.4,div#dragHandle/div#frame/div#graphMap/div#graphScroll/div#panels/div#viewPort/
move,1508,618,-1,1563847398045.5,div#dragHandle/div#frame/div#graphMap/div#graphScroll/div#panels/div#viewPort/
move,1509,615,-1,1563847398061.8,same
move,1509,615,-1,1563847398062,same
move,1510,612,-1,1563847398077.9,same
move,1510,612,-1,1563847398078,same
move,1510,610,-1,1563847398093.9,same
move,1510,610,-1,1563847398094,same
move,1510,609,-1,1563847398112.6,same
move,1510,609,-1,1563847398112.7,same
move,1510,608,-1,1563847398142,same
move,1510,608,-1,1563847398142.1,same
move,1510,609,-1,1563847398221,same
move,1510,609,-1,1563847398221.1,same
move,1510,615,-1,1563847398240.4,same
move,1510,615,-1,1563847398240.5,same
move,1509,628,-1,1563847398258.3,div/div#inner-frame/div#frame/div#graphMap/div#graphScroll/div#panels/div#viewPort/
move,1509,628,-1,1563847398258.4,div/div#inner-frame/div#frame/div#graphMap/div#graphScroll/div#panels/div#viewPort/
move,1504,663,-1,1563847398287.2,same
move,1504,663,-1,1563847398287.4,same
move,1501,679,-1,1563847398307.6,same
move,1501,679,-1,1563847398307.7,same
move,1501,682,-1,1563847398324.9,div#dragHandle/div#frame/div#graphMap/div#graphScroll/div#panels/div#viewPort/
move,1501,682,-1,1563847398325,div#dragHandle/div#frame/div#graphMap/div#graphScroll/div#panels/div#viewPort/
move,1501,683,-1,1563847398345.5,same
move,1501,683,-1,1563847398345.6,same
move,1501,684,-1,1563847398359.5,same
move,1501,684,-1,1563847398359.6,same
move,1501,685,-1,1563847398375.7,same
move,1501,685,-1,1563847398375.8,same
move,1500,686,-1,1563847398392.7,same
move,1500,686,-1,1563847398392.8,same
up,1500,686,0,1563847398682.4,same
up,1500,686,0,1563847398682.6,same
move,1500,686,-1,1563847398684.7,same
move,1500,686,-1,1563847398684.8,same
move,1499,686,-1,1563847398730.5,same
move,1499,686,-1,1563847398730.7,same
move,1498,686,-1,1563847398738.5,same
move,1498,686,-1,1563847398738.5,same
move,1496,686,-1,1563847398751.8,same
move,1496,686,-1,1563847398751.9,same
move,1491,686,-1,1563847398769.4,same
move,1491,686,-1,1563847398769.4,same
move,1488,686,-1,1563847398785,same
move,1488,686,-1,1563847398785.1,same
move,1486,686,-1,1563847398803,same
move,1486,686,-1,1563847398803,same
move,1485,686,-1,1563847398826.7,same
move,1485,686,-1,1563847398826.7,same
move,1484,686,-1,1563847398834.7,same
move,1484,686,-1,1563847398834.8,same
move,1483,686,-1,1563847398853,same
move,1483,686,-1,1563847398853.1,same
move,1480,686,-1,1563847398869.2,same
move,1480,686,-1,1563847398869.3,same
move,1477,686,-1,1563847398886.6,same
move,1477,686,-1,1563847398886.7,same
move,1476,686,-1,1563847398903.4,same
move,1476,686,-1,1563847398903.5,same
move,1475,686,-1,1563847398923.1,same
move,1475,686,-1,1563847398923.2,same
move,1474,686,-1,1563847398965.1,same
move,1474,686,-1,1563847398965.2,same
move,1474,685,-1,1563847398970.4,same
move,1474,685,-1,1563847398970.5,same
move,1474,684,-1,1563847399109.3,same
move,1474,684,-1,1563847399109.4,same
move,1473,684,-1,1563847399132.7,same
move,1473,684,-1,1563847399132.9,same
move,1472,683,-1,1563847399140.6,same
move,1472,683,-1,1563847399140.8,same
move,1471,682,-1,1563847399172.6,same
move,1471,682,-1,1563847399172.8,same
move,1470,682,-1,1563847399259.9,same
move,1470,682,-1,1563847399260.3,same
move,1470,681,-1,1563847399276.1,same
move,1470,681,-1,1563847399277,same
move,1469,681,-1,1563847399459.8,same
move,1469,681,-1,1563847399460.1,same
move,1469,680,-1,1563847399481.3,div#frame/div#graphMap/div#graphScroll/div#panels/div#viewPort/
move,1469,680,-1,1563847399481.6,div#frame/div#graphMap/div#graphScroll/div#panels/div#viewPort/
move,1468,679,-1,1563847399487,same
move,1468,679,-1,1563847399487.2,same
move,1468,678,-1,1563847399542.5,same
move,1468,678,-1,1563847399542.7,same
move,1468,676,-1,1563847400052.3,same
move,1468,676,-1,1563847400052.9,same
move,1465,647,-1,1563847400089.2,svg#svgLayer/div#graphMap/div#graphScroll/div#panels/div#viewPort/
move,1465,647,-1,1563847400089.3,svg#svgLayer/div#graphMap/div#graphScroll/div#panels/div#viewPort/
move,1460,618,-1,1563847400110.5,same
move,1460,618,-1,1563847400110.7,same
move,1458,597,-1,1563847400137.1,same
move,1458,597,-1,1563847400137.3,same
move,1458,594,-1,1563847400158.3,same
move,1458,594,-1,1563847400158.4,same
move,1457,594,-1,1563847400189.4,div#frame/div#graphMap/div#graphScroll/div#panels/div#viewPort/
move,1457,594,-1,1563847400189.5,div#frame/div#graphMap/div#graphScroll/div#panels/div#viewPort/
move,1457,596,-1,1563847400347,same
move,1457,596,-1,1563847400347.1,same
move,1457,612,-1,1563847400378.3,div#dragHandle/div#frame/div#graphMap/div#graphScroll/div#panels/div#viewPort/
move,1457,612,-1,1563847400378.4,div#dragHandle/div#frame/div#graphMap/div#graphScroll/div#panels/div#viewPort/
move,1458,644,-1,1563847400406.5,div/div#inner-frame/div#frame/div#graphMap/div#graphScroll/div#panels/div#viewPort/
move,1458,644,-1,1563847400406.5,div/div#inner-frame/div#frame/div#graphMap/div#graphScroll/div#panels/div#viewPort/
move,1458,661,-1,1563847400427.3,div#dragHandle/div#frame/div#graphMap/div#graphScroll/div#panels/div#viewPort/
move,1458,661,-1,1563847400427.5,div#dragHandle/div#frame/div#graphMap/div#graphScroll/div#panels/div#viewPort/
move,1458,665,-1,1563847400447.3,same
move,1458,665,-1,1563847400447.4,same
move,1458,666,-1,1563847400462.6,div#frame/div#graphMap/div#graphScroll/div#panels/div#viewPort/
move,1458,666,-1,1563847400462.6,div#frame/div#graphMap/div#graphScroll/div#panels/div#viewPort/
move,1458,667,-1,1563847400478.7,same
move,1458,667,-1,1563847400478.8,same
up,1458,667,0,1563847400947.1,same
up,1458,667,0,1563847400947.1,same
move,1458,667,-1,1563847400951.5,same
move,1458,667,-1,1563847400951.6,same
move,1458,669,-1,1563847401469.6,same
move,1458,669,-1,1563847401469.8,same
move,1458,672,-1,1563847401482.4,div#dragHandle/div#frame/div#graphMap/div#graphScroll/div#panels/div#viewPort/
move,1458,672,-1,1563847401482.5,div#dragHandle/div#frame/div#graphMap/div#graphScroll/div#panels/div#viewPort/
move,1458,703,-1,1563847401491.7,div/div#inner-frame/div#frame/div#graphMap/div#graphScroll/div#panels/div#viewPort/
move,1458,703,-1,1563847401492.1,div/div#inner-frame/div#frame/div#graphMap/div#graphScroll/div#panels/div#viewPort/
move,1458,753,-1,1563847401504.2,same
move,1458,753,-1,1563847401504.3,same
move,1452,794,-1,1563847401520.5,svg#svgLayer/div#graphMap/div#graphScroll/div#panels/div#viewPort/
move,1452,794,-1,1563847401520.6,svg#svgLayer/div#graphMap/div#graphScroll/div#panels/div#viewPort/
move,1448,818,-1,1563847401535.3,same
move,1448,818,-1,1563847401535.5,same
move,1444,828,-1,1563847401554,div#dragHandle/div#frame/div#graphMap/div#graphScroll/div#panels/div#viewPort/
move,1444,828,-1,1563847401554.2,div#dragHandle/div#frame/div#graphMap/div#graphScroll/div#panels/div#viewPort/
move,1444,829,-1,1563847401569.7,same
move,1444,829,-1,1563847401569.8,same
up,1444,829,0,1563847401962.4,same
up,1444,829,0,1563847401962.5,same
move,1443,829,-1,1563847402083,same
move,1443,829,-1,1563847402083.1,same
move,1442,829,-1,1563847402090.2,same
move,1442,829,-1,1563847402090.3,same
move,1440,829,-1,1563847402102.1,same
move,1440,829,-1,1563847402102.2,same
move,1436,829,-1,1563847402119.1,same
move,1436,829,-1,1563847402119.2,same
move,1432,829,-1,1563847402135.4,same
move,1432,829,-1,1563847402135.4,same
move,1431,829,-1,1563847402152.4,same
move,1431,829,-1,1563847402152.5,same
move,1430,829,-1,1563847402282.7,same
move,1430,829,-1,1563847402282.8,same
move,1431,829,-1,1563847402438.7,same
move,1431,829,-1,1563847402439,same
move,1438,829,-1,1563847402461.5,same
move,1438,829,-1,1563847402461.6,same
move,1443,828,-1,1563847402480.8,same
move,1443,828,-1,1563847402480.9,same
move,1449,826,-1,1563847402497.9,same
move,1449,826,-1,1563847402497.9,same
move,1454,824,-1,1563847402514.1,same
move,1454,824,-1,1563847402514.1,same
move,1460,822,-1,1563847402531.1,same
move,1460,822,-1,1563847402531.1,same
move,1461,822,-1,1563847402548.3,same
move,1461,822,-1,1563847402548.4,same
move,1464,821,-1,1563847402562.2,same
move,1464,821,-1,1563847402562.3,same
move,1466,820,-1,1563847402579.8,same
move,1466,820,-1,1563847402580,same
move,1467,820,-1,1563847402595.3,same
move,1467,820,-1,1563847402595.4,same
move,1465,820,-1,1563847402777.6,same
move,1465,820,-1,1563847402777.8,same
move,1459,820,-1,1563847402794,same
move,1459,820,-1,1563847402794.1,same
move,1453,821,-1,1563847402832,same
move,1453,821,-1,1563847402832.1,same
move,1449,821,-1,1563847402846.3,same
move,1449,821,-1,1563847402846.5,same
move,1442,821,-1,1563847402861.5,same
move,1442,821,-1,1563847402861.7,same
move,1437,821,-1,1563847402880.3,same
move,1437,821,-1,1563847402880.3,same
move,1436,821,-1,1563847402894.4,same
move,1436,821,-1,1563847402894.5,same
move,1433,821,-1,1563847402926.1,same
move,1433,821,-1,1563847402926.1,same
move,1432,821,-1,1563847402941.8,same
move,1432,821,-1,1563847402941.9,same
move,1430,821,-1,1563847402959.9,same
move,1430,821,-1,1563847402959.9,same
move,1428,821,-1,1563847402975.2,same
move,1428,821,-1,1563847402975.4,same
move,1425,821,-1,1563847402991.2,same
move,1425,821,-1,1563847402991.2,same
move,1424,821,-1,1563847403009.1,same
move,1424,821,-1,1563847403009.2,same
move,1423,821,-1,1563847403029.5,same
move,1423,821,-1,1563847403029.5,same
move,1422,821,-1,1563847403077.7,same
move,1422,821,-1,1563847403077.9,same
move,1421,821,-1,1563847403093.6,same
move,1421,821,-1,1563847403093.7,same
move,1422,821,-1,1563847403256.3,same
move,1422,821,-1,1563847403256.3,same
move,1425,821,-1,1563847403275.5,same
move,1425,821,-1,1563847403275.7,same
move,1429,822,-1,1563847403291.8,same
move,1429,822,-1,1563847403292,same
move,1435,822,-1,1563847403308.9,same
move,1435,822,-1,1563847403309,same
move,1443,822,-1,1563847403326.1,same
move,1443,822,-1,1563847403326.1,same
move,1451,822,-1,1563847403341.7,same
move,1451,822,-1,1563847403341.8,same
move,1458,822,-1,1563847403358.8,same
move,1458,822,-1,1563847403359,same
move,1469,821,-1,1563847403375.9,same
move,1469,821,-1,1563847403376,same
move,1483,820,-1,1563847403392,same
move,1483,820,-1,1563847403392.1,same
move,1492,820,-1,1563847403407.9,same
move,1492,820,-1,1563847403408,same
move,1495,819,-1,1563847403424.9,same
move,1495,819,-1,1563847403424.9,same
move,1493,819,-1,1563847403649.7,same
move,1493,819,-1,1563847403649.8,same
move,1486,822,-1,1563847403675.3,same
move,1486,822,-1,1563847403675.5,same
move,1481,823,-1,1563847403692.8,same
move,1481,823,-1,1563847403692.8,same
move,1476,824,-1,1563847403708.8,same
move,1476,824,-1,1563847403708.9,same
move,1465,825,-1,1563847403724.3,same
move,1465,825,-1,1563847403724.4,same
move,1456,826,-1,1563847403741.3,same
move,1456,826,-1,1563847403741.3,same
move,1449,826,-1,1563847403758.3,same
move,1449,826,-1,1563847403758.3,same
move,1445,826,-1,1563847403774.6,same
move,1445,826,-1,1563847403774.6,same
move,1442,826,-1,1563847403791.2,same
move,1442,826,-1,1563847403791.3,same
move,1441,826,-1,1563847403808.3,same
move,1441,826,-1,1563847403808.4,same
move,1442,826,-1,1563847404103.2,same
move,1442,826,-1,1563847404103.5,same
move,1470,831,-1,1563847404128.9,same
move,1470,831,-1,1563847404129,same
move,1479,832,-1,1563847404141.5,same
move,1479,832,-1,1563847404141.6,same
move,1504,836,-1,1563847404157.7,same
move,1504,836,-1,1563847404157.8,same
move,1513,837,-1,1563847404175.2,same
move,1513,837,-1,1563847404175.4,same
move,1515,837,-1,1563847404192,same
move,1515,837,-1,1563847404192.1,same
move,1516,837,-1,1563847404208.2,same
move,1516,837,-1,1563847404208.3,same
move,1515,838,-1,1563847404333.9,same
move,1515,838,-1,1563847404333.8,same
move,1512,838,-1,1563847404357.7,same
move,1512,838,-1,1563847404357.8,same
move,1506,838,-1,1563847404375.3,same
move,1506,838,-1,1563847404375.4,same
move,1490,841,-1,1563847404393,same
move,1490,841,-1,1563847404393.1,same
move,1479,843,-1,1563847404408.1,same
move,1479,843,-1,1563847404408.2,same
move,1468,844,-1,1563847404424.8,same
move,1468,844,-1,1563847404424.9,same
move,1461,844,-1,1563847404443,same
move,1461,844,-1,1563847404443.2,same
move,1456,844,-1,1563847404458.5,same
move,1456,844,-1,1563847404458.8,same
move,1451,844,-1,1563847404474.8,same
move,1451,844,-1,1563847404475,same
move,1448,843,-1,1563847404491.9,same
move,1448,843,-1,1563847404492,same
move,1445,841,-1,1563847404508.3,same
move,1445,841,-1,1563847404508.4,same
move,1444,838,-1,1563847404525,same
move,1444,838,-1,1563847404525.1,same
move,1443,838,-1,1563847404542.2,same
move,1443,838,-1,1563847404542.3,same
move,1444,838,-1,1563847404575.7,same
move,1444,838,-1,1563847404575.9,same
move,1446,838,-1,1563847404590.7,same
move,1446,838,-1,1563847404590.9,same
move,1449,838,-1,1563847404609,same
move,1449,838,-1,1563847404609.2,same
move,1452,838,-1,1563847404625.1,same
move,1452,838,-1,1563847404625.1,same
move,1455,840,-1,1563847404641.5,same
move,1455,840,-1,1563847404641.7,same
move,1462,844,-1,1563847404658,same
move,1462,844,-1,1563847404658.1,same
move,1466,849,-1,1563847404676.8,same
move,1466,849,-1,1563847404677,same
move,1467,854,-1,1563847404691.5,same
move,1467,854,-1,1563847404691.6,same
move,1467,858,-1,1563847404714.3,same
move,1467,858,-1,1563847404714.5,same
move,1468,861,-1,1563847404741.5,same
move,1468,861,-1,1563847404741.6,same
move,1467,859,-1,1563847404786.4,same
move,1467,859,-1,1563847404786.5,same
move,1460,850,-1,1563847404809,div#frame/div#graphMap/div#graphScroll/div#panels/div#viewPort/
move,1460,850,-1,1563847404809.1,div#frame/div#graphMap/div#graphScroll/div#panels/div#viewPort/
move,1453,838,-1,1563847404826.1,svg#svgLayer/div#graphMap/div#graphScroll/div#panels/div#viewPort/
move,1453,838,-1,1563847404826.3,svg#svgLayer/div#graphMap/div#graphScroll/div#panels/div#viewPort/
move,1449,829,-1,1563847404843,div#frame/div#graphMap/div#graphScroll/div#panels/div#viewPort/
move,1449,829,-1,1563847404843.1,div#frame/div#graphMap/div#graphScroll/div#panels/div#viewPort/
move,1449,827,-1,1563847404858.6,div#dragHandle/div#frame/div#graphMap/div#graphScroll/div#panels/div#viewPort/
move,1449,827,-1,1563847404858.8,div#dragHandle/div#frame/div#graphMap/div#graphScroll/div#panels/div#viewPort/
move,1449,823,-1,1563847404876.6,same
move,1449,823,-1,1563847404876.7,same
move,1453,821,-1,1563847404891.5,same
move,1453,821,-1,1563847404891.5,same
move,1459,820,-1,1563847404908,same
move,1459,820,-1,1563847404908.1,same
move,1463,821,-1,1563847404925.6,same
move,1463,821,-1,1563847404925.7,same
move,1466,824,-1,1563847404942.5,same
move,1466,824,-1,1563847404942.6,same
move,1467,828,-1,1563847404958.9,same
move,1467,828,-1,1563847404959,same
move,1468,834,-1,1563847404975.4,same
move,1468,834,-1,1563847404975.5,same
move,1468,844,-1,1563847404991.7,same
move,1468,844,-1,1563847404991.8,same
move,1465,849,-1,1563847405008.1,same
move,1465,849,-1,1563847405008.2,same
move,1458,854,-1,1563847405026.5,same
move,1458,854,-1,1563847405026.5,same
move,1451,858,-1,1563847405042.4,same
move,1451,858,-1,1563847405042.5,same
move,1441,859,-1,1563847405058.1,same
move,1441,859,-1,1563847405058.2,same
move,1434,858,-1,1563847405075.5,same
move,1434,858,-1,1563847405075.6,same
move,1425,851,-1,1563847405092.4,div#frame/div#graphMap/div#graphScroll/div#panels/div#viewPort/
move,1425,851,-1,1563847405092.7,div#frame/div#graphMap/div#graphScroll/div#panels/div#viewPort/
move,1422,844,-1,1563847405107.9,same
move,1422,844,-1,1563847405108,same
move,1421,839,-1,1563847405125.1,div#dragHandle/div#frame/div#graphMap/div#graphScroll/div#panels/div#viewPort/
move,1421,839,-1,1563847405125.3,div#dragHandle/div#frame/div#graphMap/div#graphScroll/div#panels/div#viewPort/
move,1422,834,-1,1563847405142.8,same
move,1422,834,-1,1563847405142.9,same
move,1428,829,-1,1563847405160.4,same
move,1428,829,-1,1563847405160.5,same
move,1442,825,-1,1563847405176.1,same
move,1442,825,-1,1563847405176.2,same
move,1457,824,-1,1563847405192.6,same
move,1457,824,-1,1563847405192.6,same
move,1469,825,-1,1563847405209.5,same
move,1469,825,-1,1563847405209.7,same
move,1475,833,-1,1563847405225.4,same
move,1475,833,-1,1563847405225.5,same
move,1479,840,-1,1563847405241.2,same
move,1479,840,-1,1563847405241.3,same
move,1481,849,-1,1563847405258.4,same
move,1481,849,-1,1563847405258.5,same
move,1481,856,-1,1563847405275.6,same
move,1481,856,-1,1563847405275.7,same
move,1478,863,-1,1563847405292,same
move,1478,863,-1,1563847405292.2,same
move,1470,869,-1,1563847405308.7,same
move,1470,869,-1,1563847405308.8,same
move,1463,871,-1,1563847405324.5,same
move,1463,871,-1,1563847405324.6,same
move,1447,867,-1,1563847405341.6,same
move,1447,867,-1,1563847405341.7,same
move,1433,860,-1,1563847405358.6,div#frame/div#graphMap/div#graphScroll/div#panels/div#viewPort/
move,1433,860,-1,1563847405358.8,div#frame/div#graphMap/div#graphScroll/div#panels/div#viewPort/
move,1422,851,-1,1563847405375.5,same
move,1422,851,-1,1563847405375.6,same
move,1418,845,-1,1563847405391.4,same
move,1418,845,-1,1563847405391.5,same
move,1418,840,-1,1563847405409.1,div#dragHandle/div#frame/div#graphMap/div#graphScroll/div#panels/div#viewPort/
move,1418,840,-1,1563847405409.1,div#dragHandle/div#frame/div#graphMap/div#graphScroll/div#panels/div#viewPort/
move,1423,833,-1,1563847405425.1,div#frame/div#graphMap/div#graphScroll/div#panels/div#viewPort/
move,1423,833,-1,1563847405425.2,div#frame/div#graphMap/div#graphScroll/div#panels/div#viewPort/
move,1436,826,-1,1563847405441.7,same
move,1436,826,-1,1563847405441.8,same
move,1455,824,-1,1563847405458.9,div#dragHandle/div#frame/div#graphMap/div#graphScroll/div#panels/div#viewPort/
move,1455,824,-1,1563847405459,div#dragHandle/div#frame/div#graphMap/div#graphScroll/div#panels/div#viewPort/
move,1471,824,-1,1563847405474.7,same
move,1471,824,-1,1563847405474.8,same
move,1479,828,-1,1563847405491.9,same
move,1479,828,-1,1563847405491.9,same
move,1483,836,-1,1563847405509,same
move,1483,836,-1,1563847405509.2,same
move,1485,847,-1,1563847405526.2,div/div#inner-frame/div#frame/div#graphMap/div#graphScroll/div#panels/div#viewPort/
move,1485,847,-1,1563847405526.3,div/div#inner-frame/div#frame/div#graphMap/div#graphScroll/div#panels/div#viewPort/
move,1485,858,-1,1563847405541.8,same
move,1485,858,-1,1563847405541.9,same
move,1484,865,-1,1563847405559.7,div#dragHandle/div#frame/div#graphMap/div#graphScroll/div#panels/div#viewPort/
move,1484,865,-1,1563847405559.8,div#dragHandle/div#frame/div#graphMap/div#graphScroll/div#panels/div#viewPort/
move,1479,869,-1,1563847405576.6,same
move,1479,869,-1,1563847405576.7,same
move,1469,871,-1,1563847405591.6,same
move,1469,871,-1,1563847405591.8,same
move,1457,868,-1,1563847405607.9,same
move,1457,868,-1,1563847405608,same
move,1447,860,-1,1563847405625.6,div#frame/div#graphMap/div#graphScroll/div#panels/div#viewPort/
move,1447,860,-1,1563847405625.7,div#frame/div#graphMap/div#graphScroll/div#panels/div#viewPort/
move,1439,852,-1,1563847405641.8,same
move,1439,852,-1,1563847405641.9,same
move,1435,845,-1,1563847405659.4,same
move,1435,845,-1,1563847405659.6,same
move,1435,840,-1,1563847405675.2,div#dragHandle/div#frame/div#graphMap/div#graphScroll/div#panels/div#viewPort/
move,1435,840,-1,1563847405675.4,div#dragHandle/div#frame/div#graphMap/div#graphScroll/div#panels/div#viewPort/
move,1438,835,-1,1563847405692.7,same
move,1438,835,-1,1563847405692.8,same
move,1448,830,-1,1563847405708.6,same
move,1448,830,-1,1563847405708.6,same
move,1462,828,-1,1563847405725.3,same
move,1462,828,-1,1563847405725.3,same
move,1476,829,-1,1563847405741.8,same
move,1476,829,-1,1563847405741.8,same
move,1482,834,-1,1563847405758.7,same
move,1482,834,-1,1563847405758.8,same
move,1485,841,-1,1563847405775.6,same
move,1485,841,-1,1563847405775.8,same
move,1485,844,-1,1563847405792.6,same
move,1485,844,-1,1563847405792.7,same
move,1483,853,-1,1563847405808.1,same
move,1483,853,-1,1563847405808.1,same
move,1475,859,-1,1563847405826,same
move,1475,859,-1,1563847405826,same
move,1467,859,-1,1563847405841.8,same
move,1467,859,-1,1563847405841.9,same
move,1458,858,-1,1563847405857.8,same
move,1458,858,-1,1563847405857.9,same
move,1450,855,-1,1563847405875,same
move,1450,855,-1,1563847405875.1,same
move,1445,849,-1,1563847405892.8,div#frame/div#graphMap/div#graphScroll/div#panels/div#viewPort/
move,1445,849,-1,1563847405892.9,div#frame/div#graphMap/div#graphScroll/div#panels/div#viewPort/
move,1442,840,-1,1563847405908.7,same
move,1442,840,-1,1563847405908.9,same
move,1442,831,-1,1563847405926.2,same
move,1442,831,-1,1563847405926.3,same
move,1444,823,-1,1563847405941.6,same
move,1444,823,-1,1563847405941.7,same
move,1453,815,-1,1563847405958.1,same
move,1453,815,-1,1563847405958.2,same
move,1465,810,-1,1563847405975.8,same
move,1465,810,-1,1563847405975.8,same
move,1477,809,-1,1563847405992.7,div#dragHandle/div#frame/div#graphMap/div#graphScroll/div#panels/div#viewPort/
move,1477,809,-1,1563847405992.8,div#dragHandle/div#frame/div#graphMap/div#graphScroll/div#panels/div#viewPort/
move,1485,811,-1,1563847406009.4,same
move,1485,811,-1,1563847406009.5,same
move,1488,821,-1,1563847406026,same
move,1488,821,-1,1563847406026.1,same
move,1489,833,-1,1563847406043.4,div/div#inner-frame/div#frame/div#graphMap/div#graphScroll/div#panels/div#viewPort/
move,1489,833,-1,1563847406043.5,div/div#inner-frame/div#frame/div#graphMap/div#graphScroll/div#panels/div#viewPort/
move,1489,837,-1,1563847406059.5,div#dragHandle/div#frame/div#graphMap/div#graphScroll/div#panels/div#viewPort/
move,1489,837,-1,1563847406059.6,div#dragHandle/div#frame/div#graphMap/div#graphScroll/div#panels/div#viewPort/
move,1480,850,-1,1563847406076.4,div/div#inner-frame/div#frame/div#graphMap/div#graphScroll/div#panels/div#viewPort/
move,1480,850,-1,1563847406076.6,div/div#inner-frame/div#frame/div#graphMap/div#graphScroll/div#panels/div#viewPort/
move,1471,854,-1,1563847406092.5,div#dragHandle/div#frame/div#graphMap/div#graphScroll/div#panels/div#viewPort/
move,1471,854,-1,1563847406092.6,div#dragHandle/div#frame/div#graphMap/div#graphScroll/div#panels/div#viewPort/
move,1459,854,-1,1563847406109.3,same
move,1459,854,-1,1563847406109.5,same
move,1448,851,-1,1563847406125.3,same
move,1448,851,-1,1563847406125.5,same
move,1438,844,-1,1563847406143.5,div#frame/div#graphMap/div#graphScroll/div#panels/div#viewPort/
move,1438,844,-1,1563847406143.7,div#frame/div#graphMap/div#graphScroll/div#panels/div#viewPort/
move,1432,837,-1,1563847406158.8,same
move,1432,837,-1,1563847406159,same
move,1429,830,-1,1563847406175.5,same
move,1429,830,-1,1563847406175.6,same
move,1429,824,-1,1563847406199,same
move,1429,824,-1,1563847406199.1,same
move,1441,814,-1,1563847406225.6,same
move,1441,814,-1,1563847406225.7,same
move,1452,813,-1,1563847406243.1,div#dragHandle/div#frame/div#graphMap/div#graphScroll/div#panels/div#viewPort/
move,1452,813,-1,1563847406243.2,div#dragHandle/div#frame/div#graphMap/div#graphScroll/div#panels/div#viewPort/
move,1455,813,-1,1563847406258.7,same
move,1455,813,-1,1563847406258.8,same
move,1456,813,-1,1563847406275.2,same
move,1456,813,-1,1563847406275.3,same
move,1457,814,-1,1563847406291.9,same
move,1457,814,-1,1563847406292,same
move,1457,817,-1,1563847406308.8,same
move,1457,817,-1,1563847406308.8,same
move,1457,820,-1,1563847406325.6,same
move,1457,820,-1,1563847406325.7,same
move,1456,821,-1,1563847406342.4,same
move,1456,821,-1,1563847406342.4,same
up,1456,821,0,1563847406435.4,same
up,1456,821,0,1563847406435.5,same
move,1456,821,-1,1563847406437.4,same
move,1456,821,-1,1563847406437.5,same
move,1458,822,-1,1563847407644.6,same
move,1458,822,-1,1563847407644.8,same
move,1494,829,-1,1563847407653.9,same
move,1494,829,-1,1563847407654.1,same
move,1551,837,-1,1563847407671.2,div/div#inner-frame/div#frame/div#graphMap/div#graphScroll/div#panels/div#viewPort/
move,1551,837,-1,1563847407671.3,div/div#inner-frame/div#frame/div#graphMap/div#graphScroll/div#panels/div#viewPort/
move,1626,844,-1,1563847407690.7,span#sizeToggler/div#dragHandle/div#frame/div#graphMap/div#graphScroll/div#panels/div#viewPort/
move,1626,844,-1,1563847407690.9,span#sizeToggler/div#dragHandle/div#frame/div#graphMap/div#graphScroll/div#panels/div#viewPort/
move,1722,849,-1,1563847407705.4,div#dragHandle/div#frame/div#graphMap/div#graphScroll/div#panels/div#viewPort/
move,1722,849,-1,1563847407705.6,div#dragHandle/div#frame/div#graphMap/div#graphScroll/div#panels/div#viewPort/
move,1843,859,-1,1563847407722.3,div/div#inner-frame/div#frame/div#graphMap/div#graphScroll/div#panels/div#viewPort/
move,1843,859,-1,1563847407722.5,div/div#inner-frame/div#frame/div#graphMap/div#graphScroll/div#panels/div#viewPort/
move,1970,878,-1,1563847407738.9,span#sizeToggler/div#dragHandle/div#frame/div#graphMap/div#graphScroll/div#panels/div#viewPort/
move,1970,878,-1,1563847407739.1,span#sizeToggler/div#dragHandle/div#frame/div#graphMap/div#graphScroll/div#panels/div#viewPort/
move,2089,892,-1,1563847407754.5,div/div#inner-frame/div#frame/div#graphMap/div#graphScroll/div#panels/div#viewPort/
move,2089,892,-1,1563847407754.7,div/div#inner-frame/div#frame/div#graphMap/div#graphScroll/div#panels/div#viewPort/
move,2186,905,-1,1563847407770.6,same
move,2186,905,-1,1563847407770.7,same
move,2256,919,-1,1563847407787.5,same
move,2256,919,-1,1563847407787.6,same
move,2289,928,-1,1563847407803.5,same
move,2289,928,-1,1563847407803.7,same
move,2306,932,-1,1563847407820.7,same
move,2306,932,-1,1563847407820.9,same
move,2310,933,-1,1563847407838.5,same
move,2310,933,-1,1563847407838.7,same
move,2311,933,-1,1563847407853.9,same
move,2311,933,-1,1563847407854.2,same
move,2310,933,-1,1563847407886.5,same
move,2310,933,-1,1563847407886.6,same
move,2306,930,-1,1563847407902.4,same
move,2306,930,-1,1563847407902.5,same
move,2298,921,-1,1563847407920.4,same
move,2298,921,-1,1563847407920.6,same
move,2291,909,-1,1563847407937.4,same
move,2291,909,-1,1563847407937.5,same
move,2284,898,-1,1563847407953.5,same
move,2284,898,-1,1563847407953.5,same
move,2281,888,-1,1563847407970.2,div#dragHandle/div#frame/div#graphMap/div#graphScroll/div#panels/div#viewPort/
move,2281,888,-1,1563847407970.3,div#dragHandle/div#frame/div#graphMap/div#graphScroll/div#panels/div#viewPort/
move,2280,885,-1,1563847407985.9,same
move,2280,885,-1,1563847407986,same
move,2280,884,-1,1563847408002.8,same
move,2280,884,-1,1563847408003,same
move,2278,884,-1,1563847408026.1,same
move,2278,884,-1,1563847408026.3,same
move,2277,884,-1,1563847408037,same
move,2277,884,-1,1563847408037.1,same
move,2268,884,-1,1563847408054.3,same
move,2268,884,-1,1563847408054.4,same
move,2250,884,-1,1563847408070.4,same
move,2250,884,-1,1563847408070.6,same
move,2229,884,-1,1563847408089,same
move,2229,884,-1,1563847408089.2,same
move,2226,883,-1,1563847408104.6,same
move,2226,883,-1,1563847408104.7,same
move,2221,882,-1,1563847408120.4,same
move,2221,882,-1,1563847408120.6,same
move,2220,882,-1,1563847408137.6,same
move,2220,882,-1,1563847408137.8,same
move,2220,881,-1,1563847408726.6,same
move,2220,881,-1,1563847408726.8,same
move,2223,858,-1,1563847408755.1,svg#svgLayer/div#graphMap/div#graphScroll/div#panels/div#viewPort/
move,2223,858,-1,1563847408755.2,svg#svgLayer/div#graphMap/div#graphScroll/div#panels/div#viewPort/
move,2230,815,-1,1563847408776.4,same
move,2230,815,-1,1563847408776.4,same
move,2233,802,-1,1563847408792.4,same
move,2233,802,-1,1563847408792.6,same
move,2234,795,-1,1563847408810.4,div#dragHandle/div#frame/div#graphMap/div#graphScroll/div#panels/div#viewPort/
move,2234,795,-1,1563847408810.4,div#dragHandle/div#frame/div#graphMap/div#graphScroll/div#panels/div#viewPort/
move,2236,790,-1,1563847408826.9,same
move,2236,790,-1,1563847408827,same
move,2237,786,-1,1563847408859.2,same
move,2237,786,-1,1563847408859.3,same
move,2237,785,-1,1563847408876.1,same
move,2237,785,-1,1563847408876.1,same
move,2238,785,-1,1563847408892.7,same
move,2238,785,-1,1563847408892.8,same
move,2238,783,-1,1563847408910.4,same
move,2238,783,-1,1563847408910.5,same
move,2238,782,-1,1563847408925.7,same
move,2238,782,-1,1563847408925.9,same
move,2238,786,-1,1563847409058.6,same
move,2238,786,-1,1563847409058.7,same
move,2235,799,-1,1563847409077.8,div/div#inner-frame/div#frame/div#graphMap/div#graphScroll/div#panels/div#viewPort/
move,2235,799,-1,1563847409077.9,div/div#inner-frame/div#frame/div#graphMap/div#graphScroll/div#panels/div#viewPort/
move,2229,820,-1,1563847409092,same
move,2229,820,-1,1563847409092,same
move,2219,852,-1,1563847409110.9,same
move,2219,852,-1,1563847409110.9,same
move,2213,869,-1,1563847409143.1,same
move,2213,869,-1,1563847409143.2,same
move,2213,870,-1,1563847409160.4,div#dragHandle/div#frame/div#graphMap/div#graphScroll/div#panels/div#viewPort/
move,2213,870,-1,1563847409160.4,div#dragHandle/div#frame/div#graphMap/div#graphScroll/div#panels/div#viewPort/
move,2213,872,-1,1563847409177.5,same
move,2213,872,-1,1563847409177.6,same
move,2212,874,-1,1563847409209.5,same
move,2212,874,-1,1563847409209.6,same
move,2211,874,-1,1563847409225.6,same
move,2211,874,-1,1563847409225.6,same
up,2211,874,0,1563847409556.5,same
up,2211,874,0,1563847409556.6,same
move,2211,874,-1,1563847409558.9,same
move,2211,874,-1,1563847409558.9,same
move,2211,871,-1,1563847409922.5,same
move,2211,871,-1,1563847409922.7,same
move,2211,863,-1,1563847409938.7,div#frame/div#graphMap/div#graphScroll/div#panels/div#viewPort/
move,2211,863,-1,1563847409938.7,div#frame/div#graphMap/div#graphScroll/div#panels/div#viewPort/
move,2218,829,-1,1563847409954.4,svg#svgLayer/div#graphMap/div#graphScroll/div#panels/div#viewPort/
move,2218,829,-1,1563847409954.5,svg#svgLayer/div#graphMap/div#graphScroll/div#panels/div#viewPort/
move,2222,814,-1,1563847409969.5,same
move,2222,814,-1,1563847409969.6,same
move,2224,805,-1,1563847409986.4,same
move,2224,805,-1,1563847409986.5,same
move,2225,801,-1,1563847410002.5,same
move,2225,801,-1,1563847410002.6,same
move,2226,800,-1,1563847410019.5,same
move,2226,800,-1,1563847410019.6,same
down,2226,800,0,1563847410126.7,same
down,2226,800,0,1563847410126.8,same
up,2226,800,0,1563847410217.2,same
up,2226,800,0,1563847410217.3,same
move,2228,798,-1,1563847411740.3,same
move,2228,798,-1,1563847411740.4,same
move,2231,795,-1,1563847411753.3,same
move,2231,795,-1,1563847411753.5,same
move,2245,787,-1,1563847411769.3,same
move,2245,787,-1,1563847411769.4,same
move,2271,779,-1,1563847411786.4,same
move,2271,779,-1,1563847411786.5,same
move,2316,767,-1,1563847411802.5,same
move,2316,767,-1,1563847411802.6,same
move,2367,753,-1,1563847411821.1,same
move,2367,753,-1,1563847411821.4,same
move,2426,740,-1,1563847411837.7,div#graphScroll/div#panels/div#viewPort/
move,2426,740,-1,1563847411837.9,div#graphScroll/div#panels/div#viewPort/
move,2455,736,-1,1563847411856.6,div#viewPort/
move,2455,736,-1,1563847411856.7,div#viewPort/
move,1134,453,-1,1563847506666.5,div#boxSegments/div#page-1/div#pdfScroll-48ff396679dec1310d3047dae85f7f5f/div/div#panels/div#viewPort/
move,1134,453,-1,1563847506668.2,div#boxSegments/div#page-1/div#pdfScroll-48ff396679dec1310d3047dae85f7f5f/div/div#panels/div#viewPort/
move,1083,380,-1,1563847506673.4,same
move,1083,380,-1,1563847506673.6,same
move,981,211,-1,1563847506688.6,same
move,981,211,-1,1563847506688.7,same
move,885,47,-1,1563847506706.6,div/div/div#pdfSelector/div/div#viewPort/
move,885,47,-1,1563847506706.7,div/div/div#pdfSelector/div/div#viewPort/
move,1791,0,-1,1563847507721.6,div#viewPort/
move,1791,0,-1,1563847507721.7,div#viewPort/
move,1875,2,-1,1563847507731.7,same
move,1875,2,-1,1563847507731.8,same
move,2034,2,-1,1563847507747.1,same
move,2034,2,-1,1563847507747.2,same
move,2180,1,-1,1563847507764.1,same
move,2180,1,-1,1563847507764.2,same
move,2311,8,-1,1563847507781.2,same
move,2311,8,-1,1563847507781.4,same
move,2407,14,-1,1563847507797.3,same
move,2407,14,-1,1563847507797.6,same
move,2459,15,-1,1563847507814.3,same
move,2459,15,-1,1563847507814.4,same
move,2461,5,-1,1563847508085.3,same
move,2461,5,-1,1563847508085.4,same
move,2456,1,-1,1563847508097.8,same
move,2456,1,-1,1563847508098,same
